key,english,hi,te,ta,kn,ml
common.save,Save,सहेजें,సేవ్ చేయండి,சேமிக்கவும்,ಉಳಿಸಿ,സേവ് ചെയ്യുക
common.cancel,Cancel,रद्द करें,రద్దు చేయండి,ரத்து செய்யுங்கள்,ರದ್ದುಗೊಳಿಸಿ,റദ്ദാക്കുക
common.next,Next,अगला,తదుపరి,அடுத்து,ಮುಂದೆ,അടുത്തത്
common.back,Back,वापस,వెనుకకు,பின்னோக்கி,ಹಿಂತಿರುಗಿ,പിന്നോട്ട്
common.loading,Loading...,लोड किया जा रहा है...,లోడ్ అవుతోంది...,ஏற்றுதல்...,ಲೋಡ್ ಆಗುತ್ತಿದೆ...,ലോഡ് ചെയ്യുന്നു...
common.search,Search,खोजें,వెతకండి,தேடல்,ಹುಡುಕಿ,തിരയുക
common.submit,Submit,जमा करें,సమర్పించండి,சமர்ப்பிக்கவும்,ಸಲ್ಲಿಸಿ,സമർപ്പിക്കുക
common.delete,Delete,हटाएं,తొలగించండి,நீக்கு,ಅಳಿಸಿ,ഇല്ലാതാക്കുക
common.confirm,Confirm,पुष्टि करें,ధృవీకరించండి,உறுதிப்படுத்தவும்,ದೃಢೀಕರಿಸಿ,സ്ഥിരീകരിക്കുക
common.retry,Retry,पुनः प्रयास करें,తిరిగి ప్రయత్నించండి,மீண்டும் முயற்சிக்கவும்,ಮರುಪ್ರಯತ್ನೆ ಮಾಡಿ,വീണ്ടും ശ്രമിക്കുക
common.add,Add,जोड़ें,జోడించండి,சேர்க்கவும்,ಸೇರಿಸಿ,ചേർക്കുക
common.view_all,View all,सब देखें,అన్నింటిని చూడండి,அனைத்தையும் பார்க்கவும்,ಎಲ್ಲವನ್ನೂ ವೀಕ್ಷಿಸಿ,എല്ലാം കാണുക
common.or,or,या,లేదా,அல்லது,ಅಥವಾ,അല്ലെങ്കിൽ
common.edit,Edit,संपादित करें,సవరించండి,திருத்தவும்,ಸಂಪಾದಿಸಿ,എഡിറ്റ് ചെയ്യുക
common.done,Done,किया गया,పూర్తయింది,முடிந்தது,ಮುಗಿದುಹೋಯಿತು,പൂർത്തിയായി
common.close,Close,बंद करें,మూసివేయండి,மூடு,ಮುಚ್ಚಿರಿ,അടയ്ക്കുക
common.continue,Continue,जारी रखें,కొనసాగించండి,தொடருங்கள்,ಮುಂದುವರಿಸಿ,തുടരുക
common.skip,Skip,छोड़ दें,దాటవేయండి,தவிர்க்கவும்,ಸ್ಕಿಪ್ ಮಾಡಿ,ഒഴിവാക്കുക
common.yes,Yes,हाँ,అవును,ஆம்,ಹೌದು,അതെ
common.no,No,नहीं,లేదు,இல்லை,ಇಲ್ಲ,ഇല്ല
common.remaining,remaining,शेष,మిగిలింది,மீதமிருக்கும்,ಉಳಿದ,ബാക്കിയുള്ളവർ
common.expires,Expires,समाप्त हो जाता है,గడువు ముగుస్తుంది,காலாவதியாகும்,ಅವಧಿ ಮುಗಿಯುತ್ತದೆ,കാലാവധി അവസാനിക്കുന്നു
form.required,This field is required,यह क्षेत्र आवश्यक है,ఈ ఫీల్డ్ అవసరం,இந்த புலம் தேவைப்படுகிறது,ಈ ಕ್ಷೇತ್ರವು ಅಗತ್ಯವಾಗಿದೆ,ഈ ഫീൽഡ് ആവശ്യമാണ്
form.invalid_email,Enter a valid email address,एक वैध ईमेल पता दर्ज करें,చెల్లుబాటు అయ్యే ఇమెయిల్ చిరునామాను నమోదు చేయండి,செல்லுபடியாகும் மின்னஞ்சல் முகவரியை உள்ளிடவும்,ಮಾನ್ಯವಾದ ಇಮೇಲ್ ವಿಳಾಸವನ್ನು ನಮೂದಿಸಿ,സാധുവായ ഒരു ഇമെയിൽ വിലാസം നൽകുക
error.generic,Something went wrong. Please try again.,कुछ गड़बड़ हो गई। कृपया फिर से कोशिश करें।,ఏదో తప్పు జరిగింది. దయచేసి మళ్ళీ ప్రయత్నించండి.,ஏதோ தவறு நடந்துவிட்டது. தயவுசெய்து மீண்டும் முயற்சிக்கவும்.,ಏನೋ ತಪ್ಪಾಗಿದೆ. ದಯವಿಟ್ಟು ಮತ್ತೆ ಪ್ರಯತ್ನಿಸಿ.,എന്തോ തെറ്റ് സംഭവിച്ചു. ദയവായി വീണ്ടും ശ്രമിക്കുക.
error.network,Network error. Check your connection.,नेटवर्क त्रुटि। अपने कनेक्शन की जाँच करें।,నెట్వర్క్ లోపం. మీ కనెక్షన్ను తనిఖీ చేయండి.,நெட்வொர்க் பிழை. உங்கள் இணைப்பைச் சரிபார்க்கவும்.,ಜಾಲದ ದೋಷ. ನಿಮ್ಮ ಸಂಪರ್ಕವನ್ನು ಪರಿಶೀಲಿಸಿ.,നെറ്റ്വർക്ക് പിശക്. നിങ്ങളുടെ കണക്ഷൻ പരിശോധിക്കുക.
notification.saved,Saved,सहेजा गया,సేవ్ చేయబడింది,சேமிக்கப்பட்டது,ಉಳಿಸಲಾಗಿದೆ,സംരക്ഷിച്ചു
notification.deleted,Deleted,हटा दिया गया,తొలగించబడింది,நீக்கப்பட்டது,ಅಳಿಸಲಾಗಿದೆ,ഇല്ലാതാക്കി
notification.sent,Sent,भेजा गया,పంపారు,அனுப்பப்பட்டது,ಕಳುಹಿಸಲಾಗಿದೆ,അയച്ചു
help.contact_support,Need help? Contact support.,मदद चाहिए? मदद के लिए संपर्क करें।,సహాయం కావాలా? మద్దతును సంప్రదించండి.,உதவி தேவையா? ஆதரவைத் தொடர்பு கொள்ளுங்கள்.,ಸಹಾಯ ಬೇಕೇ? ಬೆಂಬಲವನ್ನು ಸಂಪರ್ಕಿಸಿ.,സഹായം ആവശ്യമുണ്ടോ? പിന്തുണയുമായി ബന്ധപ്പെടുക.
app.tagline,Your Warranty Wallet,आपका वारंटी वॉलेट,మీ వారంటీ వాలెట్,உங்கள் உத்தரவாத பணப்பையை,ನಿಮ್ಮ ಖಾತರಿ ಕೈಚೀಲ,നിങ്ങളുടെ വാറന്റി വാലറ്റ്
app.add_product,Add Product,उत्पाद जोड़ें,ఉత్పత్తిని జోడించండి,தயாரிப்பைச் சேர்க்கவும்,ಉತ್ಪನ್ನವನ್ನು ಸೇರಿಸಿ,ഉൽപ്പന്നം ചേർക്കുക
nav.home,Home,घर,హోమ్,வீடு,ಮನೆ,വീട്
nav.products,Products,उत्पाद,ఉత్పత్తులు,தயாரிப்புகள்,ಉತ್ಪನ್ನಗಳು,ഉൽപ്പന്നങ്ങൾ
nav.claim,Claim AI,एआई का दावा करें,క్లెయిమ్ AI,AI உரிமைகோரல்,ಕ್ಲೈಮ್ ಎ. ಐ.,ക്ലെയിം എ. ഐ.
nav.account,Account,खाता,ఖాతా,கணக்கு,ಖಾತೆ,അക്കൌണ്ട്
status.active,Active,सक्रिय,క్రియాశీలకం,செயலில் உள்ளது,ಸಕ್ರಿಯ,സജീവമായ
status.expired,Expired,समाप्त हो गया,గడువు ముగిసింది,காலாவதியாகிவிட்டது,ಅವಧಿ ಮುಗಿದಿದೆ,കാലഹരണപ്പെട്ടു
status.expiring_soon,Expiring soon,जल्द ही समाप्त हो रहा है,త్వరలో గడువు ముగింపు,விரைவில் காலாவதியாகும்,ಶೀಘ್ರದಲ್ಲೇ ಮುಕ್ತಾಯಗೊಳ್ಳುತ್ತಿದೆ,ഉടൻ കാലാവധി അവസാനിക്കുന്നു
product.name,Product name,उत्पाद का नाम,ఉత్పత్తి పేరు,தயாரிப்பின் பெயர்,ಉತ್ಪನ್ನದ ಹೆಸರು,ഉൽപ്പന്നത്തിന്റെ പേര്
product.brand,Brand,ब्रांड,బ్రాండ్,பிராண்ட்,ಬ್ರಾಂಡ್,ബ്രാൻഡ്
product.category,Category,श्रेणी,వర్గం,வகை,ವರ್ಗ,വർഗ്ഗം
product.model,Model,मॉडल,మోడల్,மாடல்,ಮಾದರಿ,മോഡൽ
product.purchase_date,Purchase date,खरीदारी की तारीख,కొనుగోలు తేదీ,வாங்கும் தேதி,ಖರೀದಿ ದಿನಾಂಕ,വാങ്ങുന്ന തീയതി
product.expiry_date,Warranty expiry,वारंटी की समाप्ति,వారంటీ గడువు,உத்தரவாதம் காலாவதி,ಖಾತರಿ ಅವಧಿ ಮುಕ್ತಾಯ,വാറൻറി കാലാവധി അവസാനിക്കുന്നു
product.price,Purchase price,खरीद मूल्य,కొనుగోలు ధర,வாங்கும் விலை,ಖರೀದಿ ಬೆಲೆ,വാങ്ങുന്ന വില
product.invoice,Invoice,चालान,ఇన్వాయిస్,விலைப்பட்டியல்,ಇನ್ವಾಯ್ಸ್,ഇൻവോയ്സ്
product.warranty,Warranty,वारंटी,వారంటీ,உத்தரவாதம்,ಖಾತರಿ,വാറന്റി
product.purchased_at,Purchased at,पर खरीदा गया,వద్ద కొనుగోలు చేయబడింది,இல் வாங்கப்பட்டது,ನಲ್ಲಿ ಖರೀದಿಸಲಾಗಿದೆ,ൽ വാങ്ങി
login.google_button,Sign in with Google,गूगल से साइन इन करें,Google తో సైన్ ఇన్ చేయండి,கூகுள் மூலம் உள்நுழையவும்,ಗೂಗಲ್ನೊಂದಿಗೆ ಸೈನ್ ಇನ್ ಮಾಡಿ,ഗൂഗിളിൽ സൈൻ ഇൻ ചെയ്യുക
login.google_connecting,Connecting to Google...,गूगल से कनेक्ट...,గూగుల్కు కనెక్ట్ అవుతూ...,கூகுள் உடன் இணைக்க...,ಗೂಗಲ್ ಗೆ ಕನೆಕ್ಟ್ ಆಗ್ತಿದೆ...,ഗൂഗിളിലേക്ക് കണക്റ്റുചെയ്യുന്നു...
login.phone_label,Mobile number,मोबाइल नंबर,మొబైల్ నెంబర్,மொபைல் எண்,ಮೊಬೈಲ್ ಸಂಖ್ಯೆ,മൊബൈൽ നമ്പർ
login.phone_invalid,Please enter a valid 10-digit mobile number,कृपया एक वैध 10 अंकों का मोबाइल नंबर दर्ज करें,దయచేసి చెల్లుబాటు అయ్యే 10 అంకెల మొబైల్ నంబర్ను నమోదు చేయండి,செல்லுபடியாகும் 10 இலக்க மொபைல் எண்ணை உள்ளிடவும்,ದಯವಿಟ್ಟು ಮಾನ್ಯವಾದ 10-ಅಂಕಿಯ ಮೊಬೈಲ್ ಸಂಖ್ಯೆಯನ್ನು ನಮೂದಿಸಿ,ദയവായി സാധുവായ 10 അക്ക മൊബൈൽ നമ്പർ നൽകുക
login.otp_sent,OTP Sent,ओ. टी. पी. भेजा गया,పంపిన ఓటిపి,அனுப்பிய OTP,ಒಟಿಪಿ ಕಳುಹಿಸಲಾಗಿದೆ,ഒടിപി അയച്ചു
login.otp_enter,Enter 6-digit OTP,6 अंकों का OTP डालें,6 అంకెల OTP ని ఎంటర్ చేయండి,6 இலக்க OTP ஐ உள்ளிடவும்,6 ಅಂಕಿಯ ಒಟಿಪಿ ನಮೂದಿಸಿ,6 അക്ക ഒടിപി നൽകുക
login.otp_wrong,Wrong OTP. Please try again.,गलत ओ. टी. पी.। कृपया फिर से प्रयास करें।,తప్పు ఓటిపి. దయచేసి మళ్ళీ ప్రయత్నించండి.,தவறான ஓடிபி. தயவுசெய்து மீண்டும் முயற்சிக்கவும்.,ತಪ್ಪಾದ ಒಟಿಪಿ. ದಯವಿಟ್ಟು ಮತ್ತೆ ಪ್ರಯತ್ನಿಸಿ.,തെറ്റായ ഒടിപി. ദയവായി വീണ്ടും ശ്രമിക്കുക.
login.otp_hint,We sent a 6-digit code to your phone. Check your SMS messages.,हमने आपके फोन पर 6 अंकों का कोड भेजा। अपने एसएमएस संदेशों की जांच करें।,మేము మీ ఫోన్కు 6 అంకెల కోడ్ పంపాము. మీ ఎస్ఎంఎస్ సందేశాలను తనిఖీ చేయండి.,நாங்கள் உங்கள் தொலைபேசிக்கு 6 இலக்க குறியீட்டை அனுப்பினோம். உங்கள் எஸ்எம்எஸ் செய்திகளை சரிபார்க்கவும்.,ನಾವು ನಿಮ್ಮ ಫೋನ್ಗೆ 6 ಅಂಕಿಯ ಕೋಡ್ ಅನ್ನು ಕಳುಹಿಸಿದ್ದೇವೆ. ನಿಮ್ಮ ಎಸ್ಎಂಎಸ್ ಸಂದೇಶಗಳನ್ನು ಪರಿಶೀಲಿಸಿ.,ഞങ്ങൾ നിങ്ങളുടെ ഫോണിലേക്ക് 6 അക്ക കോഡ് അയച്ചു. നിങ്ങളുടെ എസ്എംഎസ് സന്ദേശങ്ങൾ പരിശോധിക്കുക.
dashboard.hello,Hello,नमस्ते,హలో,வணக்கம்,ಹಲೋ,ഹലോ
dashboard.products_tracked,products tracked,ट्रैक किए गए उत्पाद,ట్రాక్ చేయబడిన ఉత్పత్తులు,தயாரிப்புகள் கண்காணிக்கப்படுகின்றன,ಟ್ರ್ಯಾಕ್ ಮಾಡಲಾದ ಉತ್ಪನ್ನಗಳು,ട്രാക്ക് ചെയ്ത ഉൽപ്പന്നങ്ങൾ
dashboard.all_looking_good,all looking good,सब कुछ अच्छा लग रहा है,అన్నీ బాగానే కనిపిస్తున్నాయి.,எல்லாம் நல்லா இருக்கு,ಎಲ್ಲವೂ ಚೆನ್ನಾಗಿ ಕಾಣುತ್ತಿದೆ,എല്ലാം നന്നായി കാണപ്പെടുന്നു
dashboard.expiring_soon,expiring soon,जल्द ही समाप्त हो रहा है,త్వరలో గడువు ముగుస్తుంది,விரைவில் காலாவதியாகும்,ಶೀಘ್ರದಲ್ಲೇ ಮುಕ್ತಾಯಗೊಳ್ಳಲಿದೆ,ഉടൻ കാലാവധി അവസാനിക്കുന്നു
dashboard.explore,Explore,अन्वेषण करें,అన్వేషించండి,ஆராயுங்கள்,ಅನ್ವೇಷಿಸಿ,പര്യവേക്ഷണം ചെയ്യുക
dashboard.products_heading,Products,उत्पाद,ఉత్పత్తులు,தயாரிப்புகள்,ಉತ್ಪನ್ನಗಳು,ഉൽപ്പന്നങ്ങൾ
dashboard.stats_total,Total,कुल,మొత్తం,மொத்த,ಒಟ್ಟು,ആകെ
dashboard.stats_active,Active,सक्रिय,క్రియాశీలకం,செயலில் உள்ளது,ಸಕ್ರಿಯ,സജീവമായ
dashboard.stats_expiring,Expiring,समाप्त हो रहा है,గడువు ముగింపు,காலாவதியாகும்,ಮುಕ್ತಾಯಗೊಳ್ಳುತ್ತಿದೆ,കാലാവധി അവസാനിക്കുന്നു
dashboard.wallet_empty_title,Your warranty wallet is empty,आपका वारंटी वॉलेट खाली है।,మీ వారంటీ వాలెట్ ఖాళీగా ఉంది.,உங்கள் உத்தரவாத பணப்பையை காலியாக உள்ளது.,ನಿಮ್ಮ ವಾರಂಟಿ ವ್ಯಾಲೆಟ್ ಖಾಲಿಯಾಗಿದೆ.,നിങ്ങളുടെ വാറന്റി വാലറ്റ് ശൂന്യമാണ്.
dashboard.wallet_empty_desc,Add a product to track its warranty and store the invoice. Takes under 30 seconds.,किसी उत्पाद की वारंटी को ट्रैक करने और चालान को संग्रहीत करने के लिए उसे जोड़ें। इसमें 30 सेकंड से भी कम समय लगता है।,"ఒక ఉత్పత్తిని జోడించి దాని వారంటీని ట్రాక్ చేసి, ఇన్వాయిస్ను నిల్వ చేయండి. దీనికి 30 సెకన్ల కంటే తక్కువ సమయం పడుతుంది.","ஒரு பொருளைச் சேர்த்து அதன் உத்தரவாதத்தைக் கண்காணித்து, விலைப்பட்டியலை சேமிக்கவும். 30 வினாடிகளுக்குள் எடுக்கும்.",ಒಂದು ಉತ್ಪನ್ನದ ಖಾತರಿಯನ್ನು ಪತ್ತೆಹಚ್ಚಲು ಮತ್ತು ಸರಕುಪಟ್ಟಿ ಸಂಗ್ರಹಿಸಲು ಅದನ್ನು ಸೇರಿಸಿ. ಇದು 30 ಸೆಕೆಂಡುಗಳಿಗಿಂತ ಕಡಿಮೆ ಸಮಯ ತೆಗೆದುಕೊಳ್ಳುತ್ತದೆ.,വാറന്റി ട്രാക്ക് ചെയ്യാനും ഇൻവോയ്സ് സംഭരിക്കാനും ഒരു ഉൽപ്പന്നം ചേർക്കുക. 30 സെക്കൻഡിൽ താഴെ സമയമെടുക്കും.
dashboard.add_first_product,Add your first product,अपना पहला उत्पाद जोड़ें,మీ మొదటి ఉత్పత్తిని జోడించండి,உங்கள் முதல் தயாரிப்பைச் சேர்க்கவும்,ನಿಮ್ಮ ಮೊದಲ ಉತ್ಪನ್ನವನ್ನು ಸೇರಿಸಿ,നിങ്ങളുടെ ആദ്യ ഉൽപ്പന്നം ചേർക്കുക
dashboard.claim_cta_title,Something broke? Try AI Claim Assistant,कुछ टूटा है? AI क्लेम असिस्टेंट आज़माएँ,ఏదో తెగిపోయిందా? AI క్లెయిమ్ అసిస్టెంట్ను ప్రయత్నించండి,ஏதோ பழுதடைந்ததா? AI Claim Assistant முயற்சிக்கவும்,ಏನೋ ಹಾಳಾಗಿದೆ? AI ಕ್ಲೈಮ್ ಅಸಿಸ್ಟೆಂಟ್ ಅನ್ನು ಪ್ರಯತ್ನಿಸಿ,എന്തോ തകരാറുണ്ടോ? AI ക്ലെയിം അസിസ്റ്റന്റ് പരീക്ഷിക്കുക
dashboard.claim_cta_sub,Step-by-step warranty claim guidance,चरण-दर-चरण वारंटी दावा मार्गदर्शन,దశల వారీ వారంటీ క్లెయిమ్ మార్గదర్శకత్వం,படிப்படியான உத்தரவாத உரிமைகோரல் வழிகாட்டுதல்,ಹಂತ ಹಂತದ ಖಾತರಿ ಹಕ್ಕು ಮಾರ್ಗದರ್ಶನ,ഘട്ടം ഘട്ടമായുള്ള വാറന്റി ക്ലെയിം മാർഗ്ഗനിർദ്ദേശം
dashboard.demo_title,These are sample products,ये नमूने के उत्पाद हैं।,ఇవి నమూనా ఉత్పత్తులు,இவை மாதிரி தயாரிப்புகள்,ಇವು ಮಾದರಿ ಉತ್ಪನ್ನಗಳಾಗಿವೆ.,ഇവ സാമ്പിൾ ഉൽപ്പന്നങ്ങളാണ്
dashboard.demo_desc,The stats above show demo data so you can explore the app. Add your first real product to start tracking your actual warranties.,ऊपर दिए गए आंकड़े डेमो डेटा दिखाते हैं ताकि आप ऐप का पता लगा सकें। अपनी वास्तविक वारंटी पर नज़र रखने के लिए अपना पहला वास्तविक उत्पाद जोड़ें।,"పై గణాంకాలు డెమో డేటాను చూపుతాయి, తద్వారా మీరు అనువర్తనాన్ని అన్వేషించవచ్చు. మీ వాస్తవ వారంటీలను ట్రాక్ చేయడం ప్రారంభించడానికి మీ మొదటి నిజమైన ఉత్పత్తిని జోడించండి.","மேலே உள்ள புள்ளிவிவரங்கள் டெமோ தரவைக் காட்டுகின்றன, இதனால் நீங்கள் பயன்பாட்டை ஆராயலாம். உங்கள் உண்மையான உத்தரவாதங்களை கண்காணிக்க உங்கள் முதல் உண்மையான தயாரிப்பைச் சேர்க்கவும்.","ಮೇಲಿನ ಅಂಕಿಅಂಶಗಳು ಡೆಮೊ ದತ್ತಾಂಶವನ್ನು ತೋರಿಸುತ್ತವೆ, ಆದ್ದರಿಂದ ನೀವು ಅಪ್ಲಿಕೇಶನ್ ಅನ್ನು ಅನ್ವೇಷಿಸಬಹುದು. ನಿಮ್ಮ ನಿಜವಾದ ಖಾತರಿ ಕರಾರುಗಳನ್ನು ಟ್ರ್ಯಾಕ್ ಮಾಡಲು ಪ್ರಾರಂಭಿಸಲು ನಿಮ್ಮ ಮೊದಲ ನಿಜವಾದ ಉತ್ಪನ್ನವನ್ನು ಸೇರಿಸಿ.","മുകളിലുള്ള സ്ഥിതിവിവരക്കണക്കുകൾ ഡെമോ ഡാറ്റ കാണിക്കുന്നു, അതിനാൽ നിങ്ങൾക്ക് ആപ്പ് പര്യവേക്ഷണം ചെയ്യാൻ കഴിയും. നിങ്ങളുടെ യഥാർത്ഥ വാറണ്ടികൾ ട്രാക്കുചെയ്യാൻ ആരംഭിക്കുന്നതിന് നിങ്ങളുടെ ആദ്യത്തെ യഥാർത്ഥ ഉൽപ്പന്നം ചേർക്കുക."
dashboard.demo_cta,Add my first product,मेरा पहला उत्पाद जोड़ें,నా మొదటి ఉత్పత్తిని జోడించండి,எனது முதல் தயாரிப்பைச் சேர்க்கவும்,ನನ್ನ ಮೊದಲ ಉತ್ಪನ್ನವನ್ನು ಸೇರಿಸಿ,എൻറെ ആദ്യ ഉൽപ്പന്നം ചേർക്കുക
dashboard.near_limit_title,You're nearing the free limit,आप मुफ्त सीमा के करीब हैं।,మీరు ఉచిత పరిమితికి దగ్గరవుతున్నారు.,நீங்கள் இலவச வரம்பை நெருங்குகிறீர்கள்,ನೀವು ಉಚಿತ ಮಿತಿಯನ್ನು ಸಮೀಪಿಸುತ್ತಿದ್ದೀರಿ.,നിങ്ങൾ സൌജന്യ പരിധിയോട് അടുക്കുകയാണ്.
dashboard.near_limit_sub,Upgrade to Pro for unlimited products,असीमित उत्पादों के लिए प्रो में अपग्रेड करें,అపరిమిత ఉత్పత్తుల కోసం ప్రో కు అప్గ్రేడ్ చేయండి,வரம்பற்ற தயாரிப்புகளுக்கான புரோவுக்கு மேம்படுத்தல்,ಅನಿಯಮಿತ ಉತ್ಪನ್ನಗಳಿಗಾಗಿ ಪ್ರೊಗೆ ಅಪ್ಗ್ರೇಡ್ ಮಾಡಿ,പരിധിയില്ലാത്ത ഉൽപ്പന്നങ്ങൾക്കായി പ്രോയിലേക്ക് അപ്ഗ്രേഡ് ചെയ്യുക
dashboard.weekly_checkin,Weekly check-in,साप्ताहिक चेक-इन,వారానికి ఒకసారి చెక్-ఇన్,வாராந்திர செக்-இன்,ವಾರಕ್ಕೊಮ್ಮೆ ಚೆಕ್-ಇನ್,പ്രതിവാര ചെക്ക്-ഇൻ
tile.lifecycle,Lifecycle,जीवन चक्र,జీవిత చక్రం,வாழ்க்கைச் சுழற்சி,ಜೀವನ ಚಕ್ರ,ജീവിതചക്രം
tile.lifecycle_sub,Cost & lifespan,लागत और जीवनकाल,ఖర్చు & జీవితకాలం,செலவு & ஆயுட்காலம்,ವೆಚ್ಚ & ಜೀವಿತಾವಧಿ,ചെലവ് & ആയുസ്സ്
tile.compare,Compare,तुलना करें,పోల్చుకోండి,ஒப்பிடுக,ಹೋಲಿಕೆ ಮಾಡಿ,താരതമ്യം ചെയ്യുക
tile.compare_sub,Side-by-side products,साइड-बाय-साइड उत्पाद,సైడ్-బై-సైడ్ ఉత్పత్తులు,பக்கவாட்டு தயாரிப்புகள்,ಅಕ್ಕಪಕ್ಕದ ಉತ್ಪನ್ನಗಳು,സൈഡ്-ബൈ-സൈഡ് ഉൽപ്പന്നങ്ങൾ
tile.buying_assistant,Buying Assistant,सहायक खरीदना,కొనుగోలు సహాయకుడు,உதவியாளரை வாங்குதல்,ಖರೀದಿ ಸಹಾಯಕ,അസിസ്റ്റന്റ് വാങ്ങൽ
tile.buying_assistant_sub,Budget recommendations,बजट की सिफारिशें,బడ్జెట్ సిఫార్సులు,பட்ஜெட் பரிந்துரைகள்,ಬಜೆಟ್ ಶಿಫಾರಸುಗಳು,ബജറ്റ് ശുപാർശകൾ
tile.smart_devices,Smart Devices,स्मार्ट उपकरण,స్మార్ట్ పరికరాలు,ஸ்மார்ட் சாதனங்கள்,ಸ್ಮಾರ್ಟ್ ಸಾಧನಗಳು,സ്മാർട്ട് ഉപകരണങ്ങൾ
tile.smart_devices_sub,IoT service alerts,आई. ओ. टी. सेवा अलर्ट,ఐఓటీ సర్వీస్ హెచ్చరికలు,ஐஓடி சேவை எச்சரிக்கைகள்,ಐಒಟಿ ಸೇವಾ ಎಚ್ಚರಿಕೆಗಳು,ഐഒടി സേവന അലേർട്ടുകൾ
tile.energy,Energy Monitor,ऊर्जा मॉनिटर,ఎనర్జీ మానిటర్,ஆற்றல் கண்காணிப்பு,ಎನರ್ಜಿ ಮಾನಿಟರ್,എനർജി മോണിറ്റർ
tile.energy_sub,Power & cost,बिजली और लागत,పవర్ & ఖర్చు,மின்சாரம் & செலவு,ವಿದ್ಯುತ್ & ವೆಚ್ಚ,വൈദ്യുതി & ചെലവ്
tile.family,Family Vault,पारिवारिक वॉल्ट,ఫ్యామిలీ వాల్ట్,குடும்ப வால்ட்,ಫ್ಯಾಮಿಲಿ ವಾಲ್ಟ್,ഫാമിലി വോൾട്ട്
tile.family_sub,Share with family,परिवार के साथ साझा करें,కుటుంబ సభ్యులతో పంచుకోండి,குடும்பத்துடன் பகிர்ந்து கொள்ளுங்கள்,ಕುಟುಂಬದೊಂದಿಗೆ ಹಂಚಿಕೊಳ್ಳಿ,കുടുംബവുമായി പങ്കുവയ്ക്കുക
tile.upgrade,Upgrade to Pro,प्रो में अपग्रेड करें,ప్రో కు అప్గ్రేడ్ చేయండి,புரோவுக்கு மேம்படுத்தவும்,ಪ್ರೊಗೆ ಅಪ್ಗ್ರೇಡ್ ಮಾಡಿ,പ്രോയിലേക്ക് അപ്ഗ്രേഡ് ചെയ്യുക
tile.upgrade_sub,Unlimited products,असीमित उत्पाद,అపరిమిత ఉత్పత్తులు,வரம்பற்ற தயாரிப்புகள்,ಅನಿಯಮಿತ ಉತ್ಪನ್ನಗಳು,പരിധിയില്ലാത്ത ഉൽപ്പന്നങ്ങൾ
tile.add_product,Add Product,उत्पाद जोड़ें,ఉత్పత్తిని జోడించండి,தயாரிப்பைச் சேர்க்கவும்,ಉತ್ಪನ್ನವನ್ನು ಸೇರಿಸಿ,ഉൽപ്പന്നം ചേർക്കുക
tile.add_product_sub,30 seconds,30 सेकंड,30 సెకన్లు,30 வினாடிகள்,30 ಸೆಕೆಂಡುಗಳು,30 സെക്കൻഡ്
login.otp_sent_to,We sent a 6-digit code to,हमने 6 अंकों का कोड भेजा,మేము 6 అంకెల కోడ్ను పంపాము,நாம் ஒரு 6 இலக்க குறியீட்டை அனுப்பினோம்,ನಾವು 6-ಅಂಕಿಯ ಕೋಡ್ ಅನ್ನು ಕಳುಹಿಸಿದ್ದೇವೆ,ഞങ്ങൾ ഒരു 6 അക്ക കോഡ് അയച്ചു
login.otp_check_sms,Check your SMS messages.,अपने एसएमएस संदेशों की जांच करें।,మీ ఎస్ఎంఎస్ సందేశాలను తనిఖీ చేయండి.,உங்கள் எஸ்எம்எஸ் செய்திகளை சரிபார்க்கவும்.,ನಿಮ್ಮ ಎಸ್ಎಂಎಸ್ ಸಂದೇಶಗಳನ್ನು ಪರಿಶೀಲಿಸಿ.,നിങ്ങളുടെ എസ്എംഎസ് സന്ദേശങ്ങൾ പരിശോധിക്കുക.
login.otp_verifying,Verifying...,सत्यापन...,ధృవీకరించడం...,சரிபார்த்தல்...,ಪರಿಶೀಲನೆ...,പരിശോധിക്കുന്നു...
login.otp_verify_btn,Verify & Enter,सत्यापित करें और दर्ज करें,ధృవీకరించండి & నమోదు చేయండి,சரிபார்க்கவும் & உள்ளிடவும்,ಪರಿಶೀಲಿಸಿ & ನಮೂದಿಸಿ,പരിശോധിക്കുക & നൽകുക
login.change_number,Change number,संख्या बदलें,సంఖ్యను మార్చండి,எண்ணை மாற்றுங்கள்,ಸಂಖ್ಯೆಯನ್ನು ಬದಲಾಯಿಸಿ,നമ്പർ മാറ്റുക
login.enter_phone,Enter your mobile number,अपना मोबाइल नंबर दर्ज करें,మీ మొబైల్ నంబర్ను ఎంటర్ చేయండి,உங்கள் மொபைல் எண்ணை உள்ளிடவும்,ನಿಮ್ಮ ಮೊಬೈಲ್ ಸಂಖ್ಯೆಯನ್ನು ನಮೂದಿಸಿ,നിങ്ങളുടെ മൊബൈൽ നമ്പർ നൽകുക
login.otp_sending,Sending OTP...,ओ. टी. पी. भेजना...,ఓటిపి పంపుతోంది...,ஓடிபி அனுப்புகிறது...,ಒಟಿಪಿ ಕಳುಹಿಸುವ...,ഒടിപി അയയ്ക്കുന്നു...
login.otp_send_btn,Send OTP,ओ. टी. पी. भेजें,ఓటిపి పంపండి,ஓடிபி அனுப்புங்கள்,ಒಟಿಪಿ ಕಳುಹಿಸಿ,ഒടിപി അയയ്ക്കുക
login.email_link_expired,Verification link expired. Please sign in again.,सत्यापन लिंक समाप्त हो गया। कृपया फिर से साइन इन करें।,ధృవీకరణ లింక్ గడువు ముగిసింది. దయచేసి మళ్లీ సైన్ ఇన్ చేయండి.,சரிபார்ப்பு இணைப்பு காலாவதியானது. தயவுசெய்து மீண்டும் உள்நுழையவும்.,ಪರಿಶೀಲನೆ ಲಿಂಕ್ ಅವಧಿ ಮುಗಿದಿದೆ. ದಯವಿಟ್ಟು ಮತ್ತೆ ಸೈನ್ ಇನ್ ಮಾಡಿ.,വെരിഫിക്കേഷൻ ലിങ്കിൻറെ കാലാവധി കഴിഞ്ഞു. ദയവായി വീണ്ടും സൈൻ ഇൻ ചെയ്യുക.
login.email_label,Email address,ईमेल पता,ఇమెయిల్ చిరునామా,மின்னஞ்சல் முகவரி,ಇಮೇಲ್ ವಿಳಾಸ,ഇമെയിൽ വിലാസം
login.password_label,Password,कूटशब्द,పాస్వర్డ్,கடவுச்சொல்,ಪಾಸ್ವರ್ಡ್,പാസ്വേഡ്
login.forgot_password,Forgot?,भूल गए?,మర్చిపోయారా?,மறந்து போய்விட்டதா?,ಮರೆತಿದ್ದೀರಾ?,മറന്നോ?
login.password_placeholder,Your password,आपका कूटशब्द,మీ పాస్వర్డ్,உங்கள் கடவுச்சொல்,ನಿಮ್ಮ ಗುಪ್ತಪದ,നിങ്ങളുടെ രഹസ്യവാക്ക്
common.hide,Hide,छुपाएँ,దాచండి,மறைத்து வையுங்கள்,ಅಡಗಿಸಿಡಿ,മറയ്ക്കുക
common.show,Show,दिखाएँ,చూపించు,காட்டு,ತೋರಿಸಿ,കാണിക്കുക
login.email_signing_in,Signing in...,साइन इन...,సైన్ ఇన్ చేస్తున్నాం...,உள்நுழைவு...,ಸೈನ್ ಇನ್ ಆಗುತ್ತಿದೆ...,സൈൻ ഇൻ ചെയ്യുന്നു...
login.email_signin_btn,Sign in with Email,ईमेल के साथ साइन इन करें,ఇమెయిల్తో సైన్ ఇన్ చేయండి,மின்னஞ்சல் மூலம் உள்நுழையவும்,ಇಮೇಲ್ ಮೂಲಕ ಸೈನ್ ಇನ್ ಮಾಡಿ,ഇമെയിൽ ഉപയോഗിച്ച് സൈൻ ഇൻ ചെയ്യുക
login.tagline,Warranty Wallet,वारंटी वॉलेट,వారంటీ వాలెట్,உத்தரவாத பணப்பை,ಖಾತರಿ ವ್ಯಾಲೆಟ್,വാറന്റി വാലറ്റ്
login.use_phone,Use mobile number instead,इसके बजाय मोबाइल नंबर का इस्तेमाल करें,బదులుగా మొబైల్ నంబర్ను ఉపయోగించండి,அதற்கு பதிலாக மொபைல் எண்ணைப் பயன்படுத்துங்கள்,ಬದಲಿಗೆ ಮೊಬೈಲ್ ಸಂಖ್ಯೆಯನ್ನು ಬಳಸಿ,പകരം മൊബൈൽ നമ്പർ ഉപയോഗിക്കുക
login.use_email,Use email & password instead,इसके बजाय ईमेल और पासवर्ड का उपयोग करें,బదులుగా ఇమెయిల్ & పాస్వర్డ్ను ఉపయోగించండి,அதற்கு பதிலாக மின்னஞ்சல் & கடவுச்சொல்லைப் பயன்படுத்துங்கள்,ಬದಲಿಗೆ ಇಮೇಲ್ & ಪಾಸ್ವರ್ಡ್ ಬಳಸಿ,പകരം ഇമെയിൽ & പാസ്വേഡ് ഉപയോഗിക്കുക
login.new_user,New user?,नया उपयोगकर्ता?,కొత్త యూజర్?,புதிய பயனர்?,ಹೊಸ ಬಳಕೆದಾರ?,പുതിയ ഉപയോക്താവ്?
login.create_account,Create free account,मुफ़्त खाता बनाएँ,ఉచిత ఖాతాను సృష్టించండి,இலவச கணக்கை உருவாக்கவும்,ಉಚಿತ ಖಾತೆಯನ್ನು ರಚಿಸಿ,സൌജന്യ അക്കൌണ്ട് സൃഷ്ടിക്കുക
common.all,All,सभी,అన్నీ..............................................................................................................................................................................................................................................................,எல்லாம்,ಎಲ್ಲಾ,എല്ലാം
products.title,My Products,मेरे उत्पाद,నా ఉత్పత్తులు,என் தயாரிப்புகள்,ನನ್ನ ಉತ್ಪನ್ನಗಳು,എൻറെ ഉൽപ്പന്നങ്ങൾ
products.total_tracked,total tracked,कुल ट्रैक किया गया,మొత్తం ట్రాక్ చేయబడింది,மொத்த கண்காணிப்பு,ಒಟ್ಟು ಟ್ರ್ಯಾಕ್ ಮಾಡಲಾಗಿದೆ,ആകെ ട്രാക്ക് ചെയ്തവർ
notification.copied,Link copied!,लिंक कॉपी किया गया!,లింక్ కాపీ చేయబడింది!,இணைப்பு நகலெடுக்கப்பட்டது!,ಲಿಂಕ್ ನಕಲು ಮಾಡಲಾಗಿದೆ!,ലിങ്ക് പകർത്തി!
product.share,Share product,उत्पाद साझा करें,ఉత్పత్తిని పంచుకోండి,தயாரிப்பைப் பகிரவும்,ಉತ್ಪನ್ನವನ್ನು ಹಂಚಿಕೊಳ್ಳಿ,ഉൽപ്പന്നം പങ്കിടുക
common.compare,Compare,तुलना करें,పోల్చుకోండి,ஒப்பிடுக,ಹೋಲಿಕೆ ಮಾಡಿ,താരതമ്യം ചെയ്യുക
common.remove,Remove,हटाएं,తొలగించండి,அகற்றவும்,ತೆಗೆದುಹಾಕಿ,നീക്കം ചെയ്യുക
product.sample_badge,Sample,नमूना,నమూనా,மாதிரி,ಮಾದರಿ,സാമ്പിൾ
product.purchased,Purchased,ख़रीदा गया,కొనుగోలు చేయబడింది,வாங்கப்பட்டது,ಖರೀದಿಸಲಾಗಿದೆ,വാങ്ങിയ
product.expires_header,Warranty Expires,वारंटी समाप्त हो जाती है,వారంటీ గడువు ముగుస్తుంది,உத்தரவாதம் காலாவதியாகும்,ಖಾತರಿ ಅವಧಿ ಮುಗಿಯುತ್ತದೆ,വാറന്റി കാലാവധി അവസാനിക്കുന്നു
product.price_paid,Price Paid,भुगतान की गई कीमत,చెల్లించిన ధర,செலுத்திய விலை,ಪಾವತಿಸಿದ ಬೆಲೆ,നൽകിയ വില
product.bought_from,Bought From,से खरीदा गया,నుండి కొనుగోలు చేయబడింది,இருந்து வாங்கப்பட்டது,ಅವರಿಂದ ಖರೀದಿಸಲಾಗಿದೆ,നിന്നും വാങ്ങി
product.serial_imei,Serial / IMEI,सीरियल/आई. एम. ई. आई.,సీరియల్/IMEI,சீரியல்/IMEI,ಸರಣಿ/ಐ. ಎಂ. ಇ. ಐ.,സീരിയൽ/IMEI
product.notes,Notes,नोट्स,గమనికలు,குறிப்புகள்,ಟಿಪ್ಪಣಿಗಳು,കുറിപ്പുകൾ
product.tab_overview,Overview,अवलोकन,అవలోకనం,கண்ணோட்டம்,ಅವಲೋಕನ,അവലോകനം
product.tab_intelligence,Intelligence,बुद्धिमत्ता,తెలివితేటలు,நுண்ணறிவு,ಬುದ್ಧಿವಂತಿಕೆ,ഇന്റലിജൻസ്
product.tab_service,Service,सेवा,సేవ,சேவை,ಸೇವೆ,സേവനം
product.tab_claim,Claim AI,एआई का दावा करें,క్లెయిమ్ AI,AI உரிமைகோரல்,ಕ್ಲೈಮ್ ಎ. ಐ.,ക്ലെയിം എ. ഐ.
product.tab_manual,Manual,मैनुअल,మాన్యువల్,கையேடு,ಕೈಪಿಡಿ,മാനുവൽ
product.back_to_list,Back to products,उत्पादों पर वापस जाएँ,ఉత్పత్తులకు తిరిగి వెళ్ళు,தயாரிப்புகளுக்குத் திரும்பு,ಉತ್ಪನ್ನಗಳಿಗೆ ಹಿಂತಿರುಗಿ,ഉൽപ്പന്നങ്ങളിലേക്ക് മടങ്ങുക
product.invoice_loading,Loading preview...,पूर्वावलोकन लोड किया जा रहा है...,ప్రివ్యూని లోడ్ చేస్తున్నారు...,முன்னோட்டத்தை ஏற்றுகிறது...,ಪೂರ್ವವೀಕ್ಷಣೆಯನ್ನು ಲೋಡ್ ಮಾಡಲಾಗುತ್ತಿದೆ...,പ്രിവ്യൂ ലോഡ് ചെയ്യുന്നു...
product.invoice_tap_view,Tap to view PDF invoice,पीडीएफ चालान देखने के लिए टैप करें,పిడిఎఫ్ ఇన్వాయిస్ చూడటానికి నొక్కండి,PDF விலைப்பட்டியலைக் காண தட்டவும்,ಪಿಡಿಎಫ್ ಸರಕುಪಟ್ಟಿ ನೋಡಲು ಟ್ಯಾಪ್ ಮಾಡಿ,പിഡിഎഫ് ഇൻവോയ്സ് കാണാൻ ടാപ്പുചെയ്യുക
product.invoice_open_new_tab,Open in new tab,नए टैब में खोलें,కొత్త ట్యాబ్లో తెరవండి,புதிய தாவலில் திறக்கவும்,ಹೊಸ ಟ್ಯಾಬ್ನಲ್ಲಿ ತೆರೆಯಿರಿ,പുതിയ ടാബിൽ തുറക്കുക
product.remove_btn,Remove product,उत्पाद हटाएँ,ఉత్పత్తిని తొలగించండి,தயாரிப்பை அகற்று,ಉತ್ಪನ್ನವನ್ನು ತೆಗೆದುಹಾಕಿ,ഉൽപ്പന്നം നീക്കം ചെയ്യുക
product.remove_confirm_title,Remove this product?,क्या इस उत्पाद को हटा दें?,ఈ ఉత్పత్తిని తొలగించాలా?,இந்த தயாரிப்பை அகற்றுவதா?,ಈ ಉತ್ಪನ್ನವನ್ನು ತೆಗೆದುಹಾಕಿ?,ഈ ഉൽപ്പന്നം നീക്കം ചെയ്യണോ?
product.remove_confirm_desc,This will permanently delete the product and any uploaded invoice.,इससे उत्पाद और अपलोड किया गया कोई भी चालान स्थायी रूप से हटा दिया जाएगा।,ఇది ఉత్పత్తిని మరియు అప్లోడ్ చేసిన ఏదైనా ఇన్వాయిస్ను శాశ్వతంగా తొలగిస్తుంది.,இது தயாரிப்பையும் பதிவேற்றப்பட்ட விலைப்பட்டியலையும் நிரந்தரமாக நீக்கும்.,ಇದು ಉತ್ಪನ್ನ ಮತ್ತು ಅಪ್ಲೋಡ್ ಮಾಡಲಾದ ಯಾವುದೇ ಸರಕುಪಟ್ಟಿಗಳನ್ನು ಶಾಶ್ವತವಾಗಿ ಅಳಿಸುತ್ತದೆ.,ഇത് ഉൽപ്പന്നവും അപ്ലോഡ് ചെയ്ത ഏതെങ്കിലും ഇൻവോയ്സും സ്ഥിരമായി ഇല്ലാതാക്കും.
product.removing,Removing...,हटाना...,తొలగిస్తోంది...,நீக்குவது...,ತೆಗೆದುಹಾಕಲಾಗುತ್ತಿದೆ...,നീക്കം ചെയ്യുന്നു...
product.service_centres_brand,Authorized Service Centres,अधिकृत सेवा केंद्र,అధీకృత సేవా కేంద్రాలు,அங்கீகரிக்கப்பட்ட சேவை மையங்கள்,ಅಧಿಕೃತ ಸೇವಾ ಕೇಂದ್ರಗಳು,അംഗീകൃത സേവന കേന്ദ്രങ്ങൾ
product.book_technician,Book a Technician,एक तकनीशियन बुक करें,టెక్నీషియన్ను బుక్ చేసుకోండి,ஒரு தொழில்நுட்ப வல்லுநரைப் பதிவு செய்யுங்கள்,ತಂತ್ರಜ್ಞರನ್ನು ಬುಕ್ ಮಾಡಿ,ഒരു ടെക്നീഷ്യനെ ബുക്ക് ചെയ്യുക
product.ai_assistant_title,AI Claim Assistant,ए. आई. दावा सहायक,AI క్లెయిమ్ అసిస్టెంట్,AI உரிமைகோரல் உதவியாளர்,ಎಐ ಕ್ಲೈಮ್ ಅಸಿಸ್ಟೆಂಟ್,എഐ ക്ലെയിം അസിസ്റ്റന്റ്
product.ai_assistant_desc,Powered by Claude · Guides you through warranty claims,क्लाउड द्वारा संचालित · वारंटी दावों के माध्यम से आपका मार्गदर्शन करता है,క్లాడ్ ద్వారా శక్తివంతం · వారంటీ క్లెయిమ్ల ద్వారా మీకు మార్గనిర్దేశం చేస్తుంది,கிளாட் மூலம் இயக்கப்படுகிறது · உத்தரவாத உரிமைகோரல்கள் மூலம் உங்களை வழிநடத்துகிறது,Clade ನಿಂದ ಚಾಲಿತ · ಖಾತರಿ ಹಕ್ಕುಗಳ ಮೂಲಕ ನಿಮಗೆ ಮಾರ್ಗದರ್ಶನ ನೀಡುತ್ತದೆ,ക്ലോഡ് ശക്തിപ്പെടുത്തുന്നു · വാറന്റി ക്ലെയിമുകളിലൂടെ നിങ്ങളെ നയിക്കുന്നു
product.manual_title,User Manual,उपयोगकर्ता मैनुअल,వినియోగదారు మాన్యువల్,பயனர் கையேடு,ಬಳಕೆದಾರ ಕೈಪಿಡಿ,ഉപയോക്തൃ മാനുവൽ
product.manual_desc_prefix,Find the official user manual for your,अपने लिए आधिकारिक उपयोगकर्ता मैनुअल खोजें,మీ కోసం అధికారిక వినియోగదారు మాన్యువల్ను కనుగొనండి,உங்களுக்கான அதிகாரப்பூர்வ பயனர் கையேட்டைக் கண்டறியவும்,ನಿಮಗಾಗಿ ಅಧಿಕೃತ ಬಳಕೆದಾರ ಕೈಪಿಡಿಯನ್ನು ಹುಡುಕಿ,നിങ്ങളുടെ ഔദ്യോഗിക ഉപയോക്തൃ മാനുവൽ കണ്ടെത്തുക
product.search_google,Search on Google,गूगल पर खोजें,గూగుల్లో వెతకండి,கூகுளில் தேடல்,ಗೂಗಲ್ನಲ್ಲಿ ಹುಡುಕಿ,ഗൂഗിളിൽ തിരയുക
product.try_manualslib,Try ManualsLib,मैनुअललिब आज़माएँ,ప్రయత్నించండి ManualsLib,ManualsLib முயற்சிக்கவும்,ಕೈಪಿಡಿಯನ್ನು ಪ್ರಯತ್ನಿಸಿLib,മാനുവല്ലിബ് പരീക്ഷിക്കുക
product.india_support,India Support,इंडिया सपोर्ट,ఇండియా సపోర్ట్,இந்தியா ஆதரவு,ಭಾರತ ಬೆಂಬಲ,ഇന്ത്യ സപ്പോർട്ട്
product.invoice_loading_modal,Loading invoice...,चालान लोड किया जा रहा है...,ఇన్వాయిస్ను లోడ్ చేస్తున్నారు...,விலைப்பட்டியல் ஏற்றப்படுகிறது...,ಸರಕುಪಟ್ಟಿ ಲೋಡ್ ಮಾಡಲಾಗುತ್ತಿದೆ...,ഇൻവോയ്സ് ലോഡ് ചെയ്യുന്നു...
product.add_subtitle,Track warranty and store your invoice in one place.,वारंटी पर नज़र रखें और अपने चालान को एक ही स्थान पर रखें।,"వారంటీని ట్రాక్ చేసి, మీ ఇన్వాయిస్ను ఒకే చోట నిల్వ చేయండి.","உத்தரவாதத்தை கண்காணித்து, உங்கள் விலைப்பட்டியலை ஒரே இடத்தில் சேமிக்கவும்.",ಖಾತರಿಯನ್ನು ಟ್ರ್ಯಾಕ್ ಮಾಡಿ ಮತ್ತು ನಿಮ್ಮ ಸರಕುಪಟ್ಟಿಗಳನ್ನು ಒಂದೇ ಸ್ಥಳದಲ್ಲಿ ಸಂಗ್ರಹಿಸಿಡಿ.,വാറന്റി ട്രാക്ക് ചെയ്ത് നിങ്ങളുടെ ഇൻവോയ്സ് ഒരിടത്ത് സൂക്ഷിക്കുക.
product.invoice_security_note,Invoices are stored privately and securely,चालान निजी और सुरक्षित रूप से संग्रहीत किए जाते हैं।,ఇన్వాయిస్లు ప్రైవేటుగా మరియు సురక్షితంగా నిల్వ చేయబడతాయి.,விலைப்பட்டியல்கள் தனிப்பட்ட முறையிலும் பாதுகாப்பாகவும் சேமிக்கப்படுகின்றன.,ಇನ್ವಾಯ್ಸ್ಗಳನ್ನು ಖಾಸಗಿಯಾಗಿ ಮತ್ತು ಸುರಕ್ಷಿತವಾಗಿ ಸಂಗ್ರಹಿಸಲಾಗುತ್ತದೆ.,ഇൻവോയ്സുകൾ സ്വകാര്യമായും സുരക്ഷിതമായും സൂക്ഷിക്കുന്നു.
product.scan_bill_title,Scan Bill / Invoice,स्कैन बिल/चालान,స్కాన్ బిల్లు/ఇన్వాయిస్,ஸ்கேன் பில்/விலைப்பட்டியல்,ಸ್ಕ್ಯಾನ್ ಬಿಲ್/ಇನ್ವಾಯ್ಸ್,സ്കാൻ ബിൽ/ഇൻവോയ്സ്
product.scan_bill_desc,"Take a photo of your paper bill, Amazon/Flipkart invoice, or any receipt. The app will auto-fill brand, product, serial number, price and date.","अपने कागजी बिल, अमेज़न/फ्लिपकार्ट चालान, या किसी भी रसीद की फोटो लें। ऐप ब्रांड, उत्पाद, सीरियल नंबर, कीमत और तारीख को स्वतः भर देगा।","మీ కాగితపు బిల్లు, అమెజాన్/ఫ్లిప్కార్ట్ ఇన్వాయిస్ లేదా ఏదైనా రసీదు యొక్క ఫోటో తీసుకోండి. ఈ యాప్ బ్రాండ్, ఉత్పత్తి, సీరియల్ నంబర్, ధర మరియు తేదీని స్వయంచాలకంగా నింపుతుంది.","உங்கள் காகித பில், அமேசான்/பிளிப்கார்ட் விலைப்பட்டியல் அல்லது எந்த ரசீதையும் புகைப்படம் எடுங்கள். இந்த செயலி தானாகவே பிராண்ட், தயாரிப்பு, வரிசை எண், விலை மற்றும் தேதியை நிரப்பும்.","ನಿಮ್ಮ ಕಾಗದದ ಬಿಲ್, ಅಮೆಜಾನ್/ಫ್ಲಿಪ್ಕಾರ್ಟ್ ಇನ್ವಾಯ್ಸ್ ಅಥವಾ ಯಾವುದೇ ರಸೀದಿಯನ್ನು ಫೋಟೋ ತೆಗೆದುಕೊಳ್ಳಿ. ಅಪ್ಲಿಕೇಶನ್ ಸ್ವಯಂಚಾಲಿತವಾಗಿ ಬ್ರ್ಯಾಂಡ್, ಉತ್ಪನ್ನ, ಸರಣಿ ಸಂಖ್ಯೆ, ಬೆಲೆ ಮತ್ತು ದಿನಾಂಕವನ್ನು ತುಂಬುತ್ತದೆ.","നിങ്ങളുടെ പേപ്പർ ബിൽ, ആമസോൺ/ഫ്ലിപ്കാർട്ട് ഇൻവോയ്സ് അല്ലെങ്കിൽ ഏതെങ്കിലും രസീത് എന്നിവയുടെ ഫോട്ടോ എടുക്കുക. ആപ്പ് ബ്രാൻഡ്, ഉൽപ്പന്നം, സീരിയൽ നമ്പർ, വില, തീയതി എന്നിവ ഓട്ടോ-ഫിൽ ചെയ്യും."
product.take_photo,Take Photo,फोटो लें,ఫోటో తీయండి,புகைப்படம் எடுங்கள்,ಫೋಟೋ ತೆಗೆದುಕೊಳ್ಳಿ,ഫോട്ടോ എടുക്കുക
product.choose_file,Choose File,फ़ाइल चुनें,ఫైల్ను ఎంచుకోండి,கோப்பைத் தேர்ந்தெடுக்கவும்,ಕಡತವನ್ನು ಆರಿಸಿ,ഫയൽ തിരഞ്ഞെടുക്കുക
product.reading_bill,Reading your bill...,अपना बिल पढ़ते हुए...,మీ బిల్లు చదవడం...,உங்கள் மசோதாவைப் படியுங்கள்...,ನಿಮ್ಮ ಬಿಲ್ ಓದಿ...,നിങ്ങളുടെ ബിൽ വായിക്കുന്നു...
product.extracting_details,AI is extracting product details,ए. आई. उत्पाद विवरण निकाल रहा है,AI ఉత్పత్తి వివరాలను సేకరిస్తోంది,AI தயாரிப்பு விவரங்களை பிரித்தெடுக்கிறது,ಎ. ಐ. ಉತ್ಪನ್ನದ ವಿವರಗಳನ್ನು ಹೊರತೆಗೆಯುತ್ತಿದೆ.,എ. ഐ. ഉൽപ്പന്ന വിശദാംശങ്ങൾ വേർതിരിച്ചെടുക്കുന്നു.
product.details_extracted,Details extracted!,विवरण निकाले गए!,సేకరించిన వివరాలు!,பிரித்தெடுக்கப்பட்ட விவரங்கள்!,ಹೊರತೆಗೆಯಲಾದ ವಿವರಗಳು!,ശേഖരിച്ച വിശദാംശങ്ങൾ!
product.form_autofilled,Form has been auto-filled,फॉर्म स्वतः भर दिया गया है,ఫారం స్వయంచాలకంగా నింపబడింది,படிவம் தானாக நிரப்பப்பட்டுள்ளது,ಫಾರ್ಮ್ ಅನ್ನು ಸ್ವಯಂಚಾಲಿತವಾಗಿ ತುಂಬಿಸಲಾಗಿದೆ,ഫോം യാന്ത്രികമായി പൂരിപ്പിച്ചിരിക്കുന്നു
product.ocr_error,Couldn't read the bill — please fill manually.,बिल नहीं पढ़ सका-कृपया मैन्युअल रूप से भरें।,బిల్లు చదవలేకపోయింది-దయచేసి మాన్యువల్గా పూరించండి.,பிலைப் படிக்க முடியவில்லை-தயவுசெய்து கைமுறையாக நிரப்பவும்.,ಬಿಲ್ ಅನ್ನು ಓದಲು ಸಾಧ್ಯವಾಗಲಿಲ್ಲ-ದಯವಿಟ್ಟು ಕೈಯಿಂದ ಭರ್ತಿ ಮಾಡಿ.,ബിൽ വായിക്കാൻ കഴിഞ്ഞില്ല-ദയവായി കൈകൊണ്ട് പൂരിപ്പിക്കുക.
product.scan_barcode_title,Scan Barcode / QR,स्कैन बारकोड/क्यू. आर.,స్కాన్ బార్కోడ్/క్యూఆర్,ஸ்கேன் பார்கோடு/க்யூஆர்,ಸ್ಕ್ಯಾನ್ ಬಾರ್ಕೋಡ್/ಕ್ಯೂಆರ್,സ്കാൻ ബാർകോഡ്/ക്യുആർ
product.scan_barcode_hint,Point at barcode or QR code — auto-detects,बारकोड या क्यू. आर. कोड पर बिंदु-स्वतः पता लगाएँ,బార్కోడ్ లేదా క్యూఆర్ కోడ్ వద్ద పాయింట్-ఆటో-డిటెక్ట్స్,பார்கோடு அல்லது கியூஆர் குறியீட்டில் உள்ள புள்ளி-தானியங்கி கண்டுபிடிப்புகள்,ಬಾರ್ಕೋಡ್ ಅಥವಾ ಕ್ಯೂಆರ್ ಕೋಡ್ನಲ್ಲಿ ಪಾಯಿಂಟ್-ಸ್ವಯಂಚಾಲಿತ ಪತ್ತೆ,ബാർകോഡ് അല്ലെങ്കിൽ ക്യുആർ കോഡിലെ പോയിന്റ്-ഓട്ടോ-കണ്ടെത്തലുകൾ
product.camera_denied,Camera access denied. Please allow camera permission and try again.,कैमरा एक्सेस से इनकार कर दिया गया। कृपया कैमरे की अनुमति दें और फिर से प्रयास करें।,కెమెరా యాక్సెస్ నిరాకరించబడింది. దయచేసి కెమెరా అనుమతిని అనుమతించండి మరియు మళ్లీ ప్రయత్నించండి.,கேமரா அணுகல் மறுக்கப்பட்டது. தயவுசெய்து கேமரா அனுமதியை அனுமதித்து மீண்டும் முயற்சிக்கவும்.,ಕ್ಯಾಮರಾ ಪ್ರವೇಶವನ್ನು ನಿರಾಕರಿಸಲಾಗಿದೆ. ದಯವಿಟ್ಟು ಕ್ಯಾಮರಾ ಅನುಮತಿಯನ್ನು ಅನುಮತಿಸಿ ಮತ್ತು ಮತ್ತೆ ಪ್ರಯತ್ನಿಸಿ.,ക്യാമറ ആക്സസ് നിഷേധിച്ചു. ദയവായി ക്യാമറ അനുമതി അനുവദിച്ച് വീണ്ടും ശ്രമിക്കുക.
product.barcode_unsupported,Barcode scanning not supported in this browser. Please type the serial/model number manually.,इस ब्राउज़र में बारकोड स्कैनिंग समर्थित नहीं है। कृपया सीरियल/मॉडल संख्या को मैन्युअल रूप से टाइप करें।,ఈ బ్రౌజర్లో బార్కోడ్ స్కానింగ్కు మద్దతు లేదు. దయచేసి సీరియల్/మోడల్ నంబర్ను మాన్యువల్గా టైప్ చేయండి.,இந்த உலாவியில் பார்கோடு ஸ்கேனிங் ஆதரிக்கப்படவில்லை. தயவுசெய்து வரிசை/மாதிரி எண்ணை கைமுறையாக தட்டச்சு செய்யுங்கள்.,ಈ ಬ್ರೌಸರ್ನಲ್ಲಿ ಬಾರ್ಕೋಡ್ ಸ್ಕ್ಯಾನಿಂಗ್ಗೆ ಬೆಂಬಲವಿಲ್ಲ. ದಯವಿಟ್ಟು ಸರಣಿ/ಮಾದರಿ ಸಂಖ್ಯೆಯನ್ನು ಹಸ್ತಚಾಲಿತವಾಗಿ ಟೈಪ್ ಮಾಡಿ.,ഈ ബ്രൌസറിൽ ബാർകോഡ് സ്കാനിംഗ് പിന്തുണയ്ക്കുന്നില്ല. ദയവായി സീരിയൽ/മോഡൽ നമ്പർ കൈകൊണ്ട് ടൈപ്പ് ചെയ്യുക.
product.fields_required_toast,"Name, brand, and purchase date are required","नाम, ब्रांड और खरीद की तारीख आवश्यक है।","పేరు, బ్రాండ్ మరియు కొనుగోలు తేదీ అవసరం","பெயர், பிராண்ட் மற்றும் கொள்முதல் தேதி தேவை","ಹೆಸರು, ಬ್ರ್ಯಾಂಡ್ ಮತ್ತು ಖರೀದಿ ದಿನಾಂಕದ ಅಗತ್ಯವಿದೆ.","പേര്, ബ്രാൻഡ്, വാങ്ങൽ തീയതി എന്നിവ ആവശ്യമാണ്."
product.added_success_toast,Added to your Warranty Wallet!,आपके वारंटी वॉलेट में जोड़ा गया!,మీ వారంటీ వాలెట్కు జోడించబడింది!,உங்கள் உத்தரவாத பணப்பையில் சேர்க்கப்பட்டது!,ನಿಮ್ಮ ಖಾತರಿ ವ್ಯಾಲೆಟ್ಗೆ ಸೇರಿಸಲಾಗಿದೆ!,നിങ്ങളുടെ വാറന്റി വാലറ്റിലേക്ക് ചേർത്തു!
product.add_failed_toast,Failed to add product,उत्पाद जोड़ने में विफल,ఉత్పత్తిని జోడించడంలో విఫలమైంది,தயாரிப்பைச் சேர்க்க முடியவில்லை,ಉತ್ಪನ್ನವನ್ನು ಸೇರಿಸಲು ವಿಫಲವಾಗಿದೆ,ഉൽപ്പന്നം ചേർക്കുന്നതിൽ പരാജയപ്പെട്ടു
product.scan_cta_title,Scan Box / Bill,स्कैन बॉक्स/बिल,స్కాన్ బాక్స్/బిల్లు,ஸ்கேன் பெட்டி/பில்,ಸ್ಕ್ಯಾನ್ ಬಾಕ್ಸ್/ಬಿಲ್,സ്കാൻ ബോക്സ്/ബിൽ
product.scan_cta_desc,Auto-fills all details,सभी विवरण स्वतः भरें,అన్ని వివరాలను స్వయంచాలకంగా నింపండి,அனைத்து விவரங்களையும் தானாக நிரப்பவும்,ಎಲ್ಲಾ ವಿವರಗಳನ್ನು ಸ್ವಯಂಚಾಲಿತವಾಗಿ ಭರ್ತಿ ಮಾಡಿ,എല്ലാ വിശദാംശങ്ങളും സ്വയം പൂരിപ്പിക്കുക
product.fill_manually,or fill manually,या मैन्युअल रूप से भरें,లేదా చేతితో నింపండి,அல்லது கைமுறையாக நிரப்பவும்,ಕೈಯಿಂದ ತುಂಬಿಸಿ ಅಥವಾ ತುಂಬಿಸಿ,അല്ലെങ്കിൽ കൈകൊണ്ട് പൂരിപ്പിക്കുക
product.find_product,Find Product,उत्पाद खोजें,ఉత్పత్తిని కనుగొనండి,தயாரிப்பைக் கண்டறியவும்,ಉತ್ಪನ್ನವನ್ನು ಹುಡುಕಿ,ഉൽപ്പന്നം കണ്ടെത്തുക
product.find_product_hint,"Search to auto-fill, or enter manually below","स्वतः भरने के लिए खोजें, या नीचे मैन्युअल रूप से दर्ज करें",స్వయంచాలకంగా నింపడానికి వెతకండి లేదా క్రింద మానవీయంగా నమోదు చేయండి,"தானாக நிரப்புவதற்குத் தேடுங்கள், அல்லது கீழே கைமுறையாக உள்ளிடவும்","ಸ್ವಯಂಚಾಲಿತವಾಗಿ ತುಂಬಲು ಹುಡುಕಿ, ಅಥವಾ ಕೆಳಗೆ ಹಸ್ತಚಾಲಿತವಾಗಿ ನಮೂದಿಸಿ","ഓട്ടോ-ഫിൽ ചെയ്യാൻ തിരയുക, അല്ലെങ്കിൽ താഴെ സ്വമേധയാ നൽകുക"
product.details_header,Product Details,उत्पाद विवरण,ఉత్పత్తి వివరాలు,தயாரிப்பு விவரங்கள்,ಉತ್ಪನ್ನದ ವಿವರಗಳು,ഉൽപ്പന്ന വിശദാംശങ്ങൾ
product.name_label,Product Name,उत्पाद का नाम,ఉత్పత్తి పేరు,பொருளின் பெயர்,ಉತ್ಪನ್ನದ ಹೆಸರು,ഉൽപ്പന്നത്തിൻ്റെ പേര്
product.brand_label,Brand,ब्रांड,బ్రాండ్,பிராண்ட்,ಬ್ರಾಂಡ್,ബ്രാൻഡ്
product.model_label,Model Number,मॉडल संख्या,మోడల్ నంబర్,மாதிரி எண்,ಮಾದರಿ ಸಂಖ್ಯೆ,മോഡൽ നമ്പർ
product.serial_placeholder,Optional or scan,वैकल्पिक या स्कैन,ఐచ్ఛిక లేదా స్కాన్,விருப்பமான அல்லது ஸ்கேன்,ಐಚ್ಛಿಕ ಅಥವಾ ಸ್ಕ್ಯಾನ್,ഓപ്ഷണൽ അല്ലെങ്കിൽ സ്കാൻ
product.scan_barcode_aria,Scan barcode,स्कैन बारकोड,స్కాన్ బార్కోడ్,ஸ்கேன் பார்கோடு,ಸ್ಕ್ಯಾನ್ ಬಾರ್ಕೋಡ್,സ്കാൻ ബാർകോഡ്
product.purchase_date_label,When did you buy it?,आपने इसे कब खरीदा?,దాన్ని ఎప్పుడు కొన్నారు?,அதை எப்போது வாங்கினீர்கள்?,ನೀವು ಅದನ್ನು ಯಾವಾಗ ಖರೀದಿಸಿದ್ದೀರಿ?,എപ്പോഴാണ് നിങ്ങൾ അത് വാങ്ങിയത്?
product.date_preset_this_week,This week,इस सप्ताह,ఈ వారం,இந்த வாரம்,ಈ ವಾರ.............................................................................................................................................................................................................................................................,ഈ ആഴ്ച
product.date_preset_last_month,Last month,पिछले महीने,గత నెల,கடந்த மாதம்,ಕಳೆದ ತಿಂಗಳು,കഴിഞ്ഞ മാസം
product.date_preset_diwali,Last Diwali,पिछली दिवाली,గత దీపావళి,கடந்த தீபாவளி,ಕಳೆದ ದೀಪಾವಳಿ,കഴിഞ്ഞ ദീപാവലി
product.date_preset_year_1,~1 year ago,~ 1 year ago,~ 1 year ago,~ 1 year ago,~ 1 year ago,~ 1 year ago
product.date_preset_year_2,~2 years ago,~ 2 years ago,~ 2 years ago,~ 2 ஆண்டுகளுக்கு முன்பு,~ 2 years ago,~ 2 years ago
product.store_label,Store / Platform,स्टोर/प्लेटफ़ॉर्म,స్టోర్/ప్లాట్ఫాం,கடை/தளம்,ಸ್ಟೋರ್/ಪ್ಲಾಟ್ಫಾರ್ಮ್,സ്റ്റോർ/പ്ലാറ്റ്ഫോം
product.price_paid_label,Price Paid,भुगतान की गई कीमत,చెల్లించిన ధర,செலுத்திய விலை,ಪಾವತಿಸಿದ ಬೆಲೆ,നൽകിയ വില
product.warranty_duration,Warranty Duration,वारंटी अवधि,వారంటీ వ్యవధి,உத்தரவாத காலம்,ಖಾತರಿ ಅವಧಿ,വാറന്റി ദൈർഘ്യം
product.warranty_preset_6mo,6 Mo,6 मो,6 మో,6 மோ,6 ಮೊ,6 മോ
product.warranty_preset_1yr,1 Yr,1 वर्ष,1 Yr,1 Yr,1 ವರ್ಷ,1 Yr
product.warranty_preset_2yr,2 Yr,2 वर्ष,2 Yr,2 Yr,2 ವರ್ಷ,2 Yr
product.warranty_preset_3yr,3 Yr,3 वर्ष,3 Yr,3 Yr,3 ವರ್ಷ,3 Yr
product.warranty_preset_5yr,5 Yr,5 वर्ष,5 Yr,5 ஆண்டு,5 ವರ್ಷ,5 വർഷം
product.warranty_preset_custom,Custom,कस्टम,అనుకూలం,தனிப்பயன்,ಕಸ್ಟಮ್,ഇഷ്ടാനുസൃതമാക്കുക
product.months,months,महीने,నెలలు.............................................................................................................................................................................................................................................................,மாதங்கள்,ತಿಂಗಳುಗಳು,മാസങ്ങൾ
product.warranty_expires_on,Warranty expires,वारंटी समाप्त हो जाती है,వారంటీ గడువు ముగుస్తుంది,உத்தரவாதம் காலாவதியாகும்,ಖಾತರಿ ಅವಧಿ ಮುಗಿಯುತ್ತದೆ,വാറന്റി കാലാവധി അവസാനിക്കുന്നു
product.warranty_already_expired,already expired,पहले से ही समाप्त हो चुका है,ఇప్పటికే గడువు ముగిసింది,ஏற்கனவே காலாவதியாகிவிட்டது,ಈಗಾಗಲೇ ಅವಧಿ ಮುಗಿದಿದೆ,ഇതിനകം കാലഹരണപ്പെട്ടു
product.invoice_receipt_header,Invoice / Receipt,चालान/रसीद,ఇన్వాయిస్/రసీదు,விலைப்பட்டியல்/ரசீது,ಇನ್ವಾಯ್ಸ್/ರಸೀದಿ,ഇൻവോയ്സ്/രസീത്
product.invoice_upload_cta,Upload invoice or receipt,चालान या रसीद अपलोड करें,ఇన్వాయిస్ లేదా రసీదును అప్లోడ్ చేయండి,விலைப்பட்டியல் அல்லது ரசீதை பதிவேற்றவும்,ಸರಕುಪಟ್ಟಿ ಅಥವಾ ರಸೀದಿಯನ್ನು ಅಪ್ಲೋಡ್ ಮಾಡಿ,ഇൻവോയ്സ് അല്ലെങ്കിൽ രസീത് അപ്ലോഡ് ചെയ്യുക
product.invoice_drop_cta,Drop it here,इसे यहाँ गिरा दें।,దాన్ని ఇక్కడ పడేయండి,அதை இங்கே இறக்கிவிடுங்கள்,ಅದನ್ನು ಇಲ್ಲಿ ಬಿಡಿ.,ഇത് ഇവിടെ ഇടുക
product.invoice_upload_specs,"JPG, PNG, PDF · Max 10MB","जेपीजी, पीएनजी, पीडीएफ · मैक्स 10एमबी","JPG, PNG, PDF · మాక్స్ 10MB","JPG, PNG, PDF · அதிகபட்சம் 10MB","JPG, PNG, PDF · ಗರಿಷ್ಠ 10MB","JPG, PNG, PDF · മാക്സ് 10MB"
product.notes_label,Notes (optional),नोट्स (वैकल्पिक),గమనికలు (ఐచ్ఛికం),குறிப்புகள் (விருப்பமானது),ಟಿಪ್ಪಣಿಗಳು (ಐಚ್ಛಿಕ),കുറിപ്പുകൾ (ഓപ്ഷണൽ)
product.notes_placeholder,Any notes about this product...,इस उत्पाद के बारे में कोई भी नोट...,ఈ ఉత్పత్తి గురించి ఏవైనా గమనికలు...,இந்த தயாரிப்பு பற்றி ஏதேனும் குறிப்புகள்...,ಈ ಉತ್ಪನ್ನದ ಬಗ್ಗೆ ಯಾವುದೇ ಟಿಪ್ಪಣಿಗಳು...,ഈ ഉൽപ്പന്നത്തെക്കുറിച്ചുള്ള ഏതെങ്കിലും കുറിപ്പുകൾ...
product.saving,Saving...,बचत...,పొదుపు చేయడం...,சேமிப்பு...,ಉಳಿತಾಯ...,സേവിങ്...
product.add_submit_btn,Add to Warranty Wallet,वारंटी वॉलेट में जोड़ें,వారంటీ వాలెట్కు జోడించండి,உத்தரவாத பணப்பையில் சேர்க்கவும்,ಖಾತರಿ ಕೈಚೀಲಕ್ಕೆ ಸೇರಿಸಿ,വാറന്റി വാലറ്റിലേക്ക് ചേർക്കുക
product.scanned_toast,Scanned,स्कैन किया गया,స్కాన్ చేయబడింది,ஸ்கேன் செய்யப்பட்டது,ಸ್ಕ್ಯಾನ್ ಮಾಡಲಾಗಿದೆ,സ്കാൻ ചെയ്തു
product.ocr_autofill_toast,Auto-filled {count} fields from your bill!,अपने बिल से स्वतः भरे {गणना} फ़ील्ड!,మీ బిల్లు నుండి స్వయంచాలకంగా నింపబడిన {కౌంట్} ఖాళీలను!,உங்கள் பில் இருந்து தானாக நிரப்பப்பட்ட {எண்ணுதல்} புலங்கள்!,ನಿಮ್ಮ ಬಿಲ್ನಿಂದ ಸ್ವಯಂಚಾಲಿತವಾಗಿ ತುಂಬಿದ {ಎಣಿಕೆ} ಕ್ಷೇತ್ರಗಳು!,നിങ്ങളുടെ ബില്ലിൽ നിന്ന് ഓട്ടോ നിറച്ച {എണ്ണുക} ഫീൽഡുകൾ!
product.ocr_scanned_toast,Bill scanned — please review the details.,बिल स्कैन किया-कृपया विवरण की समीक्षा करें।,బిల్ స్కాన్ చేయబడింది-దయచేసి వివరాలను సమీక్షించండి.,பில் ஸ்கேன் செய்யப்பட்டது-தயவுசெய்து விவரங்களை மறுபரிசீலனை செய்யுங்கள்.,ಬಿಲ್ ಸ್ಕ್ಯಾನ್-ದಯವಿಟ್ಟು ವಿವರಗಳನ್ನು ಪರಿಶೀಲಿಸಿ.,ബിൽ സ്കാൻ ചെയ്തു-ദയവായി വിശദാംശങ്ങൾ അവലോകനം ചെയ്യുക.
claim.add_first_title,Add a product first,पहले एक उत्पाद जोड़ें,మొదట ఒక ఉత్పత్తిని జోడించండి,முதலில் ஒரு பொருளைச் சேர்க்கவும்,ಮೊದಲು ಒಂದು ಉತ್ಪನ್ನವನ್ನು ಸೇರಿಸಿ,ആദ്യം ഒരു ഉൽപ്പന്നം ചേർക്കുക
claim.add_first_desc,Claim AI guides you through warranty claims for your products. Add your first real product to get started.,दावा एआई आपके उत्पादों के लिए वारंटी दावों के माध्यम से आपका मार्गदर्शन करता है। शुरुआत करने के लिए अपना पहला वास्तविक उत्पाद जोड़ें।,క్లెయిమ్ AI మీ ఉత్పత్తులకు వారంటీ క్లెయిమ్ల ద్వారా మీకు మార్గనిర్దేశం చేస్తుంది. ప్రారంభించడానికి మీ మొదటి నిజమైన ఉత్పత్తిని జోడించండి.,உரிமைகோரல் AI உங்கள் தயாரிப்புகளுக்கான உத்தரவாத உரிமைகோரல்களின் மூலம் உங்களை வழிநடத்துகிறது. தொடங்குவதற்கு உங்கள் முதல் உண்மையான தயாரிப்பைச் சேர்க்கவும்.,ಕ್ಲೈಮ್ AI ನಿಮ್ಮ ಉತ್ಪನ್ನಗಳಿಗೆ ಖಾತರಿ ಹಕ್ಕುಗಳ ಮೂಲಕ ನಿಮಗೆ ಮಾರ್ಗದರ್ಶನ ನೀಡುತ್ತದೆ. ಪ್ರಾರಂಭಿಸಲು ನಿಮ್ಮ ಮೊದಲ ನಿಜವಾದ ಉತ್ಪನ್ನವನ್ನು ಸೇರಿಸಿ.,ക്ലെയിം AI നിങ്ങളുടെ ഉൽപ്പന്നങ്ങളുടെ വാറന്റി ക്ലെയിമുകൾ വഴി നിങ്ങളെ നയിക്കുന്നു. ആരംഭിക്കാൻ നിങ്ങളുടെ ആദ്യത്തെ യഥാർത്ഥ ഉൽപ്പന്നം ചേർക്കുക.
claim.demo_excluded_hint,Demo products are excluded — Claim AI only works with products you own.,डेमो उत्पादों को बाहर रखा गया है-दावा एआई केवल आपके स्वामित्व वाले उत्पादों के साथ काम करता है।,డెమో ఉత్పత్తులు మినహాయించబడ్డాయి-క్లెయిమ్ AI మీ స్వంత ఉత్పత్తులతో మాత్రమే పనిచేస్తుంది.,டெமோ தயாரிப்புகள் விலக்கப்பட்டுள்ளன-உரிமைகோரல் AI உங்களுக்குச் சொந்தமான தயாரிப்புகளுடன் மட்டுமே செயல்படுகிறது.,ಡೆಮೊ ಉತ್ಪನ್ನಗಳನ್ನು ಹೊರಗಿಡಲಾಗಿದೆ-ಕ್ಲೈಮ್ AI ನೀವು ಹೊಂದಿರುವ ಉತ್ಪನ್ನಗಳೊಂದಿಗೆ ಮಾತ್ರ ಕಾರ್ಯನಿರ್ವಹಿಸುತ್ತದೆ.,ഡെമോ ഉൽപ്പന്നങ്ങൾ ഒഴിവാക്കിയിരിക്കുന്നു-ക്ലെയിം AI നിങ്ങളുടെ ഉടമസ്ഥതയിലുള്ള ഉൽപ്പന്നങ്ങളുമായി മാത്രമേ പ്രവർത്തിക്കൂ.
claim.page_subtitle,"Get guided through your warranty claim, step by step.",अपनी वारंटी दावे के माध्यम से चरण-दर-चरण मार्गदर्शन प्राप्त करें।,మీ వారంటీ క్లెయిమ్ ద్వారా దశలవారీగా మార్గనిర్దేశం పొందండి.,படிப்படியாக உங்கள் உத்தரவாத உரிமைகோரலின் மூலம் வழிநடத்தப்படவும்.,ಹಂತ ಹಂತವಾಗಿ ನಿಮ್ಮ ಖಾತರಿ ಹಕ್ಕಿನ ಮೂಲಕ ಮಾರ್ಗದರ್ಶನ ಪಡೆಯಿರಿ.,നിങ്ങളുടെ വാറന്റി ക്ലെയിമിലൂടെ ഘട്ടം ഘട്ടമായി മാർഗ്ഗനിർദ്ദേശം നേടുക.
product.warranty_until,Warranty until,वारंटी जब तक,వరకు వారంటీ,வரை உத்தரவாதம்,ವರೆಗೆ ಖಾತರಿ,വരെ വാറന്റി
claim.disclaimer,AI guidance is informational only. Actual warranty coverage depends on your specific terms.,ए. आई. मार्गदर्शन केवल सूचनात्मक है। वास्तविक वारंटी कवरेज आपकी विशिष्ट शर्तों पर निर्भर करता है।,AI మార్గదర్శకత్వం సమాచారపరంగా మాత్రమే ఉంటుంది. వాస్తవ వారంటీ కవరేజ్ మీ నిర్దిష్ట నిబంధనలపై ఆధారపడి ఉంటుంది.,AI வழிகாட்டுதல் தகவல் மட்டுமே. உண்மையான உத்தரவாத கவரேஜ் உங்கள் குறிப்பிட்ட விதிமுறைகளைப் பொறுத்தது.,AI ಮಾರ್ಗದರ್ಶನವು ಕೇವಲ ಮಾಹಿತಿಯುಕ್ತವಾಗಿದೆ. ನಿಜವಾದ ಖಾತರಿ ವ್ಯಾಪ್ತಿಯು ನಿಮ್ಮ ನಿರ್ದಿಷ್ಟ ನಿಯಮಗಳ ಮೇಲೆ ಅವಲಂಬಿತವಾಗಿರುತ್ತದೆ.,AI മാർഗ്ഗനിർദ്ദേശം വിവരദായകം മാത്രമാണ്. യഥാർത്ഥ വാറന്റി കവറേജ് നിങ്ങളുടെ നിർദ്ദിഷ്ട നിബന്ധനകളെ ആശ്രയിച്ചിരിക്കുന്നു.
claim.issue_stopped_working,Product stopped working,उत्पाद ने काम करना बंद कर दिया,ఉత్పత్తి పనిచేయడం ఆగిపోయింది,தயாரிப்பு வேலை செய்வதை நிறுத்தியது,ಉತ್ಪನ್ನವು ಕೆಲಸ ಮಾಡುವುದನ್ನು ನಿಲ್ಲಿಸಿತು,ഉൽപ്പന്നം പ്രവർത്തനം നിർത്തി
claim.issue_display,Screen / display problem,स्क्रीन/प्रदर्शन समस्या,స్క్రీన్/ప్రదర్శన సమస్య,திரை/காட்சி சிக்கல்,ಸ್ಕ್ರೀನ್/ಪ್ರದರ್ಶನ ಸಮಸ್ಯೆ,സ്ക്രീൻ/ഡിസ്പ്ലേ പ്രശ്നം
claim.issue_battery,Battery drains too fast,बैटरी बहुत तेजी से खत्म हो जाती है,బ్యాటరీ చాలా వేగంగా ఆరిపోతుంది,பேட்டரி மிக வேகமாக வடிகட்டுகிறது,ಬ್ಯಾಟರಿ ತುಂಬಾ ವೇಗವಾಗಿ ಖಾಲಿಯಾಗುತ್ತದೆ,ബാറ്ററി വളരെ വേഗത്തിൽ കളയുന്നു
claim.issue_damage,Physical damage,शारीरिक क्षति,శారీరక నష్టం,உடல் ரீதியான சேதம்,ದೈಹಿಕ ಹಾನಿ,ശാരീരിക നാശനഷ്ടങ്ങൾ
claim.issue_cooling,Not cooling / heating,शीतलन/हीटिंग नहीं,చల్లబరచడం/వేడి చేయడం లేదు,குளிர்ச்சியடையவில்லை/சூடாக்கவில்லை,ತಂಪಾಗಿಸುವುದಿಲ್ಲ/ಬಿಸಿ ಮಾಡುತ್ತಿಲ್ಲ,തണുപ്പിക്കൽ/ചൂടാക്കൽ ഇല്ല
claim.issue_noise,Noise or vibration,शोर या कंपन,శబ్దం లేదా కంపనం,சத்தம் அல்லது அதிர்வு,ಶಬ್ದ ಅಥವಾ ಕಂಪನ,ശബ്ദം അല്ലെങ്കിൽ വൈബ്രേഷൻ
claim.issue_software,Software / connectivity issue,सॉफ्टवेयर/कनेक्टिविटी समस्या,సాఫ్ట్వేర్/కనెక్టివిటీ సమస్య,மென்பொருள்/இணைப்பு சிக்கல்,ಸಾಫ್ಟ್ವೇರ್/ಸಂಪರ್ಕ ಸಮಸ್ಯೆ,സോഫ്റ്റ്വെയർ/കണക്റ്റിവിറ്റി പ്രശ്നം
claim.issue_parts,Parts missing or broken,भाग गायब या टूटे हुए,భాగాలు తప్పిపోయాయి లేదా విరిగిపోయాయి,பாகங்கள் காணவில்லை அல்லது உடைந்துள்ளன,ಭಾಗಗಳು ಕಾಣೆಯಾಗಿವೆ ಅಥವಾ ಮುರಿದುಹೋಗಿವೆ,ഭാഗങ്ങൾ കാണാനില്ല അല്ലെങ്കിൽ തകർന്നു
claim.assistant_name,QuickScanZ AI Assistant,QuickScanZ AI सहायक,QuickScanZ AI అసిస్టెంట్,QuickScanZ AI உதவியாளர்,QuickScanZ AI ಸಹಾಯಕ,QuickScanZ AI അസിസ്റ്റന്റ്
claim.assistant_expired_prefix,Your warranty expired on,आपकी वारंटी की अवधि समाप्त हो गई है,మీ వారంటీ గడువు ముగిసింది,உங்கள் உத்தரவாதம் காலாவதியாகிவிட்டது,ನಿಮ್ಮ ಖಾತರಿಯ ಅವಧಿ ಮುಗಿದಿದೆ,നിങ്ങളുടെ വാറണ്ടിയുടെ കാലാവധി അവസാനിച്ചു.
claim.assistant_expired_suffix,. I can still help you understand your out-of-warranty options.,. मैं अभी भी आपकी वारंटी से बाहर के विकल्पों को समझने में आपकी मदद कर सकता हूँ।,. మీ వారంటీ లేని ఎంపికలను అర్థం చేసుకోవడంలో నేను ఇంకా మీకు సహాయం చేయగలను.,. உங்கள் உத்தரவாதம் இல்லாத விருப்பங்களைப் புரிந்துகொள்ள நான் இன்னும் உங்களுக்கு உதவ முடியும்.,. ನಿಮ್ಮ ಖಾತರಿಯಿಲ್ಲದ ಆಯ್ಕೆಗಳನ್ನು ಅರ್ಥಮಾಡಿಕೊಳ್ಳಲು ನಾನು ಇನ್ನೂ ನಿಮಗೆ ಸಹಾಯ ಮಾಡಬಲ್ಲೆ.,. നിങ്ങളുടെ ഔട്ട്-ഓഫ്-വാറന്റി ഓപ്ഷനുകൾ മനസ്സിലാക്കാൻ എനിക്ക് ഇപ്പോഴും നിങ്ങളെ സഹായിക്കാൻ കഴിയും.
claim.assistant_active_prefix,Your,आपका,మీ,உங்கள்,ನಿಮ್ಮ,നിങ്ങളുടെ
claim.assistant_active_mid,is under warranty until,वारंटी के तहत है जब तक,వరకు వారంటీలో ఉంది,வரை உத்தரவாதத்தின் கீழ் உள்ளது,ಅಲ್ಲಿಯವರೆಗೆ ಖಾತರಿಯಲ್ಲಿದೆ,വരെ വാറന്റിയിലാണ്
claim.assistant_active_suffix,. Tell me what's wrong and I'll guide you through the claim process.,. मुझे बताएं कि क्या गड़बड़ है और मैं आपको दावे की प्रक्रिया के माध्यम से मार्गदर्शन करूंगा।,". ఏమైందో చెప్పు, క్లెయిమ్ ప్రక్రియలో మీకు మార్గనిర్దేశం చేస్తాను.",". என்ன பிரச்சனைனு சொல்லுங்க, நான் உங்களுக்கு க்ளைம் செயல்முறைக்கு வழிகாட்டுகிறேன்.",". ಏನು ತಪ್ಪಾಗಿದೆ ಹೇಳಿ, ನಾನು ಕ್ಲೈಮ್ ಪ್ರಕ್ರಿಯೆಯ ಮೂಲಕ ನಿಮಗೆ ಮಾರ್ಗದರ್ಶನ ಮಾಡುತ್ತೇನೆ.",". എന്താണ് തെറ്റ് എന്ന് പറയൂ, ക്ലെയിം പ്രക്രിയയിലൂടെ ഞാൻ നിങ്ങളെ നയിക്കും."
claim.issue_prompt,What's the issue?,समस्या क्या है?,సమస్య ఏమిటి?,என்ன பிரச்சனை?,ಏನಿದು ಸಮಸ್ಯೆ?...........................................................................................................................................................................................................................................................,എന്താണ് പ്രശ്നം?
claim.input_placeholder,Or describe your issue in detail...,या अपने मुद्दे का विस्तार से वर्णन करें...,లేదా మీ సమస్యను వివరంగా వివరించండి...,அல்லது உங்கள் பிரச்சினையை விரிவாக விவரிக்கவும்...,ಅಥವಾ ನಿಮ್ಮ ಸಮಸ್ಯೆಯನ್ನು ವಿವರವಾಗಿ ವಿವರಿಸಿ...,അല്ലെങ്കിൽ നിങ്ങളുടെ പ്രശ്നം വിശദമായി വിവരിക്കുക...
claim.limit_reached_title,Usage limit reached for this product,इस उत्पाद के लिए उपयोग सीमा पहुंच गई,ఈ ఉత్పత్తి కోసం వినియోగ పరిమితిని చేరుకున్నారు,இந்த தயாரிப்புக்கான பயன்பாட்டு வரம்பு எட்டப்பட்டது,ಈ ಉತ್ಪನ್ನದ ಬಳಕೆಯ ಮಿತಿಯನ್ನು ತಲುಪಲಾಗಿದೆ,ഈ ഉൽപ്പന്നത്തിൻ്റെ ഉപയോഗപരിധി എത്തി
claim.limit_reached_desc,"Upgrade to Pro for more AI messages, or visit an authorised service centre directly.","अधिक एआई संदेशों के लिए प्रो में अपग्रेड करें, या सीधे किसी अधिकृत सेवा केंद्र पर जाएं।",మరిన్ని AI సందేశాల కోసం ప్రోకు అప్గ్రేడ్ చేయండి లేదా నేరుగా అధీకృత సేవా కేంద్రాన్ని సందర్శించండి.,"மேலும் AI செய்திகளுக்கு Pro க்கு மேம்படுத்தவும், அல்லது அங்கீகரிக்கப்பட்ட சேவை மையத்தை நேரடியாகப் பார்வையிடவும்.","ಹೆಚ್ಚಿನ AI ಸಂದೇಶಗಳಿಗಾಗಿ ಪ್ರೊಗೆ ಅಪ್ಗ್ರೇಡ್ ಮಾಡಿ, ಅಥವಾ ಅಧಿಕೃತ ಸೇವಾ ಕೇಂದ್ರಕ್ಕೆ ನೇರವಾಗಿ ಭೇಟಿ ನೀಡಿ.","കൂടുതൽ AI സന്ദേശങ്ങൾക്കായി പ്രോയിലേക്ക് അപ്ഗ്രേഡ് ചെയ്യുക, അല്ലെങ്കിൽ ഒരു അംഗീകൃത സേവന കേന്ദ്രം നേരിട്ട് സന്ദർശിക്കുക."
claim.reply_placeholder,Type your response... (Enter to send),अपनी प्रतिक्रिया टाइप करें... (भेजने के लिए दर्ज करें),మీ ప్రతిస్పందనను టైప్ చేయండి... (పంపడానికి నమోదు చేయండి),உங்கள் பதிலை தட்டச்சு செய்யுங்கள்... (அனுப்ப உள்ளிடவும்),ನಿಮ್ಮ ಪ್ರತಿಕ್ರಿಯೆಯನ್ನು ಟೈಪ್ ಮಾಡಿ... (ಕಳುಹಿಸಲು ನಮೂದಿಸಿ),നിങ്ങളുടെ പ്രതികരണം ടൈപ്പ് ചെയ്യുക... (അയയ്ക്കാൻ നൽകുക)
claim.footer_note,AI guidance · Not legal advice · Shift+Enter for new line,AI मार्गदर्शन · कानूनी सलाह नहीं · शिफ्ट + नई लाइन के लिए दर्ज करें,AI గైడెన్స్ · చట్టపరమైన సలహా కాదు · కొత్త లైన్ కోసం Shift + Enter,AI வழிகாட்டல் · சட்ட ஆலோசனை அல்ல · ஷிப்ட் + புதிய வரிக்கு உள்ளிடவும்,AI ಮಾರ್ಗದರ್ಶನ · ಕಾನೂನು ಸಲಹೆ ಅಲ್ಲ · ಶಿಫ್ಟ್ + ಹೊಸ ಸಾಲಿಗೆ ನಮೂದಿಸಿ,AI ഗൈഡൻസ് · നിയമ ഉപദേശം അല്ല · പുതിയ ലൈനിനായി Shift + Enter ചെയ്യുക
claim.initial_user_msg_prefix,I need help with my,मुझे अपनी मदद चाहिए,నాకు సహాయం కావాలి,எனக்கு என்னோட வேலையில ஒரு ஹெல்ப் வேணும்.,ನಂಗೆ ನನ್ ಕೆಲ್ಸದಲ್ಲಿ ಸಹಾಯ ಬೇಕು.,എനിക്ക് എൻറെ കാര്യത്തിൽ സഹായം വേണം.
claim.initial_user_msg_mid,Issue,मुद्दा,సమస్య,பிரச்சினை,ಸಮಸ್ಯೆ,പ്രശ്നം
claim.fallback_expired_prefix,Your warranty expired on,आपकी वारंटी की अवधि समाप्त हो गई है,మీ వారంటీ గడువు ముగిసింది,உங்கள் உத்தரவாதம் காலாவதியாகிவிட்டது,ನಿಮ್ಮ ಖಾತರಿಯ ಅವಧಿ ಮುಗಿದಿದೆ,നിങ്ങളുടെ വാറണ്ടിയുടെ കാലാവധി അവസാനിച്ചു.
claim.fallback_expired_suffix,", but you still have options.",", लेकिन आपके पास अभी भी विकल्प हैं।",", కానీ మీకు ఇంకా ఎంపికలు ఉన్నాయి.",", ஆனால் உங்களுக்கு இன்னும் விருப்பங்கள் உள்ளன.",", ಆದರೆ ನಿಮಗೆ ಇನ್ನೂ ಆಯ್ಕೆಗಳಿವೆ.","എന്നിരുന്നാലും, നിങ്ങൾക്ക് ഇപ്പോഴും ഓപ്ഷനുകൾ ഉണ്ട്."
claim.fallback_active_prefix,Your,आपका,మీ,உங்கள்,ನಿಮ್ಮ,നിങ്ങളുടെ
claim.fallback_active_mid,is under warranty until,वारंटी के तहत है जब तक,వరకు వారంటీలో ఉంది,வரை உத்தரவாதத்தின் கீழ் உள்ளது,ಅಲ್ಲಿಯವರೆಗೆ ಖಾತರಿಯಲ್ಲಿದೆ,വരെ വാറന്റിയിലാണ്
claim.fallback_how_to,Here's how to file your claim:,यहां बताया गया है कि अपना दावा कैसे दर्ज करें -,మీ క్లెయిమ్ను ఎలా ఫైల్ చేయాలో ఇక్కడ ఉందిః,உங்கள் உரிமைகோரலை எவ்வாறு தாக்கல் செய்வது என்பது இங்கேஃ,ನಿಮ್ಮ ದಾವೆಯನ್ನು ಹೇಗೆ ಸಲ್ಲಿಸಬೇಕು ಎಂಬುದು ಇಲ್ಲಿದೆಃ,നിങ്ങളുടെ ക്ലെയിം എങ്ങനെ ഫയൽ ചെയ്യാമെന്നത് ഇതാഃ
claim.fallback_step1_prefix,Gather your documents —,अपने दस्तावेज़ इकट्ठा करें -,మీ పత్రాలను సేకరించండి -,உங்கள் ஆவணங்களை சேகரிக்கவும் -,ನಿಮ್ಮ ದಾಖಲೆಗಳನ್ನು ಸಂಗ್ರಹಿಸಿ -,നിങ്ങളുടെ രേഖകൾ ശേഖരിക്കുക -
claim.fallback_step1_invoice,your invoice is already saved here ✓,आपका चालान पहले से ही यहाँ सहेजा गया है,మీ ఇన్వాయిస్ ఇప్పటికే ఇక్కడ సేవ్ చేయబడింది,உங்கள் விலைப்பட்டியல் ஏற்கனவே இங்கே சேமிக்கப்படுகிறது,ನಿಮ್ಮ ಸರಕುಪಟ್ಟಿ ಈಗಾಗಲೇ ಇಲ್ಲಿ ಸೇವ್ ಆಗಿದೆ,നിങ്ങളുടെ ഇൻവോയ്സ് ഇതിനകം ഇവിടെ സേവ് ചെയ്തിട്ടുണ്ട്
claim.fallback_step1_no_invoice,find your purchase invoice or payment receipt,अपनी खरीद चालान या भुगतान रसीद खोजें,మీ కొనుగోలు ఇన్వాయిస్ లేదా చెల్లింపు రసీదును కనుగొనండి,உங்கள் கொள்முதல் விலைப்பட்டியல் அல்லது பணம் செலுத்தும் ரசீதைக் கண்டறியவும்,ನಿಮ್ಮ ಖರೀದಿ ಸರಕುಪಟ್ಟಿ ಅಥವಾ ಪಾವತಿ ರಸೀದಿಯನ್ನು ಹುಡುಕಿ,നിങ്ങളുടെ വാങ്ങൽ ഇൻവോയ്സ് അല്ലെങ്കിൽ പേയ്മെന്റ് രസീത് കണ്ടെത്തുക
claim.fallback_step1_suffix,", plus the product's serial number if available.",", और यदि उपलब्ध हो तो उत्पाद का क्रम संख्या।",", మరియు అందుబాటులో ఉంటే ఉత్పత్తి యొక్క సీరియల్ నంబర్.",", கிடைத்தால் பொருளின் வரிசை எண்ணுடன் சேர்த்து.",", ಜೊತೆಗೆ ಲಭ್ಯವಿದ್ದರೆ ಉತ್ಪನ್ನದ ಸರಣಿ ಸಂಖ್ಯೆ.",ലഭ്യമാണെങ്കിൽ ഉൽപ്പന്നത്തിൻറെ സീരിയൽ നമ്പറും ചേർക്കുക.
claim.fallback_step2_prefix,Call,कॉल करें,కాల్ చేయండి,அழைப்பு,ಕರೆ ಮಾಡಿ,വിളിക്കുക
claim.fallback_step2_mid,customer care — search,ग्राहक सेवा-खोज,కస్టమర్ కేర్-శోధన,வாடிக்கையாளர் சேவை-தேடல்,ಗ್ರಾಹಕ ಆರೈಕೆ-ಹುಡುಕಾಟ,കസ്റ്റമർ കെയർ-തിരയൽ
claim.fallback_step2_suffix,India toll free on Google for the latest number.,नवीनतम नंबर के लिए गूगल पर भारत टोल फ्री।,తాజా నంబర్ కోసం గూగుల్ లో ఇండియా టోల్ ఫ్రీ.,சமீபத்திய எண்ணுக்கு கூகிளில் இந்தியா கட்டணமில்லா கட்டணத்தை செலுத்துகிறது.,ಇತ್ತೀಚಿನ ಸಂಖ್ಯೆಗೆ ಗೂಗಲ್ನಲ್ಲಿ ಭಾರತವು ಟೋಲ್ ಫ್ರೀ ಆಗಿದೆ.,ഏറ്റവും പുതിയ നമ്പറിനായി ഗൂഗിളിൽ ഇന്ത്യ ടോൾ ഫ്രീ.
claim.fallback_step3,"Describe the issue clearly — stick to the defect (how it started, when it started). Don't mention accidental damage even if it occurred.","समस्या का स्पष्ट वर्णन करें-दोष (यह कैसे शुरू हुआ, कब शुरू हुआ) पर टिके रहें। आकस्मिक क्षति का उल्लेख न करें, भले ही यह हुआ हो।","సమస్యను స్పష్టంగా వివరించండి-లోపానికి కట్టుబడి ఉండండి (ఇది ఎలా ప్రారంభమైంది, ఎప్పుడు ప్రారంభమైంది). ఇది సంభవించినప్పటికీ ప్రమాదవశాత్తు నష్టం గురించి ప్రస్తావించవద్దు.","சிக்கலை தெளிவாக விவரிக்கவும்-குறைபாட்டை (அது எப்படி தொடங்கியது, எப்போது தொடங்கியது) ஒட்டிக்கொள்ளுங்கள். அது ஏற்பட்டாலும் தற்செயலான சேதத்தை குறிப்பிட வேண்டாம்.","ಸಮಸ್ಯೆಯನ್ನು ಸ್ಪಷ್ಟವಾಗಿ ವಿವರಿಸಿ-ದೋಷಕ್ಕೆ ಅಂಟಿಕೊಳ್ಳಿ (ಅದು ಹೇಗೆ ಪ್ರಾರಂಭವಾಯಿತು, ಅದು ಪ್ರಾರಂಭವಾದಾಗ). ಅದು ಸಂಭವಿಸಿದರೂ ಆಕಸ್ಮಿಕ ಹಾನಿಯನ್ನು ಉಲ್ಲೇಖಿಸಬೇಡಿ.","പ്രശ്നം വ്യക്തമായി വിവരിക്കുക-വൈകല്യത്തിൽ ഉറച്ചുനിൽക്കുക (അത് എങ്ങനെ ആരംഭിച്ചു, എപ്പോൾ ആരംഭിച്ചു). സംഭവിച്ചാലും ആകസ്മികമായ നാശനഷ്ടങ്ങൾ പരാമർശിക്കരുത്."
claim.fallback_step4,Ask for a job sheet or complaint reference number — this is your proof the claim was registered.,एक जॉब शीट या शिकायत संदर्भ संख्या के लिए पूछें-यह आपका प्रमाण है कि दावा पंजीकृत किया गया था।,జాబ్ షీట్ లేదా ఫిర్యాదు రిఫరెన్స్ నంబర్ కోసం అడగండి-ఇది క్లెయిమ్ నమోదు చేయబడిన మీ రుజువు.,ஒரு வேலை தாள் அல்லது புகார் குறிப்பு எண்ணைக் கேளுங்கள்-இது கோரிக்கை பதிவு செய்யப்பட்டதற்கான உங்கள் ஆதாரம்.,ಜಾಬ್ ಶೀಟ್ ಅಥವಾ ದೂರು ಉಲ್ಲೇಖ ಸಂಖ್ಯೆಯನ್ನು ಕೇಳಿ-ಇದು ಕ್ಲೈಮ್ ಅನ್ನು ನೋಂದಾಯಿಸಲಾಗಿದೆ ಎಂಬುದಕ್ಕೆ ನಿಮ್ಮ ಪುರಾವೆಯಾಗಿದೆ.,ഒരു ജോബ് ഷീറ്റ് അല്ലെങ്കിൽ കംപ്ലയിന്റ് റഫറൻസ് നമ്പർ ചോദിക്കുക-ഇത് ക്ലെയിം രജിസ്റ്റർ ചെയ്ത നിങ്ങളുടെ തെളിവാണ്.
claim.fallback_step5,"If the service centre refuses a valid in-warranty repair, escalate to the National Consumer Helpline: 1800-11-4000 (free call).","यदि सेवा केंद्र वैध वारंटी मरम्मत से इनकार करता है, तो राष्ट्रीय उपभोक्ता हेल्पलाइनः 1800-11-4000 (मुफ्त कॉल) पर जाएं।","సర్వీస్ సెంటర్ చెల్లుబాటు అయ్యే ఇన్-వారంటీ మరమ్మత్తును తిరస్కరిస్తే, నేషనల్ కన్స్యూమర్ హెల్ప్లైన్ః 1800-11-4000 (ఉచిత కాల్) కు ఎస్కలేట్ చేయండి.","சேவை மையம் செல்லுபடியாகும் உத்தரவாத சீரமைப்பை மறுத்தால், தேசிய நுகர்வோர் உதவி எண்ணுக்கு விரைந்து செல்லுங்கள்ஃ 1800-11-4000 (இலவச அழைப்பு).","ಸೇವಾ ಕೇಂದ್ರವು ಮಾನ್ಯವಾದ ಖಾತರಿ ದುರಸ್ತಿಗೆ ನಿರಾಕರಿಸಿದರೆ, ರಾಷ್ಟ್ರೀಯ ಗ್ರಾಹಕ ಸಹಾಯವಾಣಿಃ 1800-11-4000 (ಉಚಿತ ಕರೆ) ಗೆ ವಿಸ್ತರಿಸಿ.","സർവീസ് സെന്റർ സാധുവായ ഇൻ-വാറന്റി അറ്റകുറ്റപ്പണികൾ നിരസിക്കുകയാണെങ്കിൽ, നാഷണൽ കൺസ്യൂമർ ഹെൽപ്പ് ലൈൻഃ 1800-11-4000 (സൌജന്യ കോൾ) ലേക്ക് പോകുക."
claim.fallback_tip,"Tip: Under the Consumer Protection Act 2019, manufacturers must honour warranty commitments. If they don't, you can file a complaint at consumerhelpline.gov.in.","टिपः उपभोक्ता संरक्षण अधिनियम 2019 के तहत, निर्माताओं को वारंटी प्रतिबद्धताओं का सम्मान करना चाहिए। यदि वे नहीं करते हैं, तो आप consumerhelpline.gov.in पर शिकायत दर्ज करा सकते हैं।","చిట్కాః వినియోగదారుల రక్షణ చట్టం 2019 ప్రకారం, తయారీదారులు వారంటీ కట్టుబాట్లను గౌరవించాలి. వారు అలా చేయకపోతే, మీరు consumerhelpline.gov.in వద్ద ఫిర్యాదు చేయవచ్చు.","உதவிக்குறிப்புஃ நுகர்வோர் பாதுகாப்பு சட்டம் 2019 இன் கீழ், உற்பத்தியாளர்கள் உத்தரவாத கடமைகளை மதிக்க வேண்டும். அவர்கள் அவ்வாறு செய்யாவிட்டால், நீங்கள் consumerhelpline.gov.in இல் புகார் அளிக்கலாம்.","ಸಲಹೆಃ ಗ್ರಾಹಕ ಸಂರಕ್ಷಣಾ ಕಾಯ್ದೆ 2019 ರ ಅಡಿಯಲ್ಲಿ, ತಯಾರಕರು ವಾರಂಟಿ ಬದ್ಧತೆಗಳನ್ನು ಗೌರವಿಸಬೇಕು. ಅವರು ಮಾಡದಿದ್ದರೆ, ನೀವು consumerhelpline.gov.in ನಲ್ಲಿ ದೂರು ಸಲ್ಲಿಸಬಹುದು.","നുറുങ്ങ്ഃ ഉപഭോക്തൃ സംരക്ഷണ നിയമം 2019 പ്രകാരം, നിർമ്മാതാക്കൾ വാറന്റി പ്രതിബദ്ധതകൾ പാലിക്കണം. അവർ അങ്ങനെ ചെയ്യുന്നില്ലെങ്കിൽ, നിങ്ങൾക്ക് consumerhelpline.gov.in ൽ പരാതി നൽകാം."
account.signed_out_toast,Signed out,हस्ताक्षरित किया गया,సంతకం చేయబడింది,கையொப்பமிடப்பட்டது,ಸಹಿ ಹಾಕಲಾಗಿದೆ,സൈൻ ഔട്ട് ചെയ്തു
account.subtitle,Settings and preferences,सेटिंग्स और वरीयताएँ,సెట్టింగులు మరియు ప్రాధాన్యతలు,அமைப்புகள் மற்றும் விருப்பங்கள்,ಸೆಟ್ಟಿಂಗ್ಗಳು ಮತ್ತು ಆದ್ಯತೆಗಳು,ക്രമീകരണങ്ങളും മുൻഗണനകളും
account.smart_devices_label,Smart Devices,स्मार्ट उपकरण,స్మార్ట్ పరికరాలు,ஸ்மார்ட் சாதனங்கள்,ಸ್ಮಾರ್ಟ್ ಸಾಧನಗಳು,സ്മാർട്ട് ഉപകരണങ്ങൾ
account.plan_label,Plan,योजना,ప్రణాళిక,திட்டம்,ಯೋಜನೆ,പ്ലാൻ
account.upgrade_to_pro,Upgrade to Pro,प्रो में अपग्रेड करें,ప్రో కు అప్గ్రేడ్ చేయండి,புரோவுக்கு மேம்படுத்தவும்,ಪ್ರೊಗೆ ಅಪ್ಗ್ರೇಡ್ ಮಾಡಿ,പ്രോയിലേക്ക് അപ്ഗ്രേഡ് ചെയ്യുക
account.upgrade_to_pro_desc,Unlimited products · Family Vault · ₹149/month,असीमित उत्पाद · पारिवारिक वॉल्ट · ₹149/माह,అపరిమిత ఉత్పత్తులు · ఫ్యామిలీ వాల్ట్ · ₹ 149/నెల,வரம்பற்ற தயாரிப்புகள் · குடும்ப வால்ட் · ₹ 149/மாதம்,ಅನಿಯಮಿತ ಉತ್ಪನ್ನಗಳು · ಫ್ಯಾಮಿಲಿ ವಾಲ್ಟ್ · ₹ 149/ತಿಂಗಳು,പരിധിയില്ലാത്ത ഉൽപ്പന്നങ്ങൾ · ഫാമിലി വോൾട്ട് · ₹149/മാസം
account.notifications_header,Notifications,अधिसूचनाएँ,నోటిఫికేషన్లు,அறிவிப்புகள்,ಅಧಿಸೂಚನೆಗಳು,അറിയിപ്പുകൾ
account.pwa_push_note,Push notifications require installing QuickScanZ to your home screen (PWA).,पुश नोटिफिकेशन के लिए क्विकस्कैनज़ को आपके होम स्क्रीन (पी. डब्ल्यू. ए.) पर इंस्टॉल करने की आवश्यकता होती है।,పుష్ నోటిఫికేషన్లకు మీ హోమ్ స్క్రీన్ (PWA) కు QuickScanZ ను ఇన్స్టాల్ చేయడం అవసరం.,புஷ் அறிவிப்புகள் உங்கள் முகப்புத் திரையில் (PWA) QuickScanZ ஐ நிறுவ வேண்டும்.,ಪುಶ್ ಅಧಿಸೂಚನೆಗಳು ನಿಮ್ಮ ಹೋಮ್ ಸ್ಕ್ರೀನ್ (PWA) ಗೆ QuickScanZ ಅನ್ನು ಇನ್ಸ್ಟಾಲ್ ಮಾಡಬೇಕಾಗುತ್ತದೆ.,പുഷ് അറിയിപ്പുകൾക്ക് നിങ്ങളുടെ ഹോം സ്ക്രീനിൽ (PWA) QuickScanZ ഇൻസ്റ്റാൾ ചെയ്യേണ്ടതുണ്ട്.
account.features_header,Warranty Features,वारंटी फीचर्स,వారంటీ ఫీచర్స్,உத்தரவாத அம்சங்கள்,ಖಾತರಿ ವೈಶಿಷ್ಟ್ಯಗಳು,വാറന്റി സവിശേഷതകൾ
account.menu_all_products,All Products,सभी उत्पाद,అన్ని ఉత్పత్తులు,அனைத்து தயாரிப்புகளும்,ಎಲ್ಲಾ ಉತ್ಪನ್ನಗಳು,എല്ലാ ഉൽപ്പന്നങ്ങളും
account.menu_lifecycle,Product Lifecycle,उत्पाद जीवन चक्र,ఉత్పత్తి జీవిత చక్రం,தயாரிப்பு வாழ்க்கைச் சுழற்சி,ಉತ್ಪನ್ನ ಜೀವನಚಕ್ರ,ഉൽപ്പന്ന ജീവിതചക്രം
account.menu_claim_assistant,AI Claim Assistant,ए. आई. दावा सहायक,AI క్లెయిమ్ అసిస్టెంట్,AI உரிமைகோரல் உதவியாளர்,ಎಐ ಕ್ಲೈಮ್ ಅಸಿಸ್ಟೆಂಟ್,എഐ ക്ലെയിം അസിസ്റ്റന്റ്
account.intelligence_header,Intelligence,बुद्धिमत्ता,తెలివితేటలు,நுண்ணறிவு,ಬುದ್ಧಿವಂತಿಕೆ,ഇന്റലിജൻസ്
account.intelligence_phase2_note,Phase 2 — now available,चरण 2-अब उपलब्ध,దశ 2-ఇప్పుడు అందుబాటులో ఉంది,கட்டம் 2-இப்போது கிடைக்கிறது,ಹಂತ 2-ಈಗ ಲಭ್ಯವಿದೆ,ഘട്ടം 2-ഇപ്പോൾ ലഭ്യമാണ്
account.menu_compare,Compare Products,उत्पादों की तुलना करें,ఉత్పత్తులను పోల్చండి,தயாரிப்புகளை ஒப்பிட்டுப் பாருங்கள்,ಉತ್ಪನ್ನಗಳನ್ನು ಹೋಲಿಸಿ,ഉൽപ്പന്നങ്ങൾ താരതമ്യം ചെയ്യുക
account.menu_buying_assistant,Buying Assistant,सहायक खरीदना,కొనుగోలు సహాయకుడు,உதவியாளரை வாங்குதல்,ಖರೀದಿ ಸಹಾಯಕ,അസിസ്റ്റന്റ് വാങ്ങൽ
account.menu_energy,Energy Monitor,ऊर्जा मॉनिटर,ఎనర్జీ మానిటర్,ஆற்றல் கண்காணிப்பு,ಎನರ್ಜಿ ಮಾನಿಟರ್,എനർജി മോണിറ്റർ
account.menu_smart_devices,Smart Devices,स्मार्ट उपकरण,స్మార్ట్ పరికరాలు,ஸ்மார்ட் சாதனங்கள்,ಸ್ಮಾರ್ಟ್ ಸಾಧನಗಳು,സ്മാർട്ട് ഉപകരണങ്ങൾ
account.menu_iot_hub,IoT Hub,आईओटी हब,ఐఓటీ హబ్,ஐஓடி ஹப்,ಐಒಟಿ ಹಬ್,ഐഒടി ഹബ്
account.menu_family_vault,Family Vault,पारिवारिक वॉल्ट,ఫ్యామిలీ వాల్ట్,குடும்ப வால்ட்,ಫ್ಯಾಮಿಲಿ ವಾಲ್ಟ್,ഫാമിലി വോൾട്ട്
account.billing_header,Billing,बिलिंग,బిల్లింగ్,பில்லிங்,ಬಿಲ್ಲಿಂಗ್,ബില്ലിംഗ്
account.plan_manage,Plan · Manage,योजना · प्रबंधित करें,ప్రణాళిక · నిర్వహించండి,திட்டம் · நிர்வகிக்கவும்,ಯೋಜನೆ · ನಿರ್ವಹಿಸಿ,പ്ലാൻ · മാനേജ് ചെയ്യുക
account.upgrade_view_plans,View Plans & Upgrade,योजनाएं देखें और अपग्रेड करें,ప్రణాళికలను వీక్షించండి & అప్గ్రేడ్ చేయండి,திட்டங்களை பார்க்கவும் & மேம்படுத்தவும்,ಯೋಜನೆಗಳನ್ನು ವೀಕ್ಷಿಸಿ & ಅಪ್ಗ್ರೇಡ್ ಮಾಡಿ,പ്ലാനുകൾ കാണുക & അപ്ഗ്രേഡ് ചെയ്യുക
account.legal_header,Legal,कानूनी,చట్టపరమైన,சட்டபூர்வமான,ಕಾನೂನುಬದ್ಧ,നിയമപരമായി
account.privacy_policy,Privacy Policy,गोपनीयता नीति,గోప్యతా విధానం,தனியுரிமைக் கொள்கை,ಗೌಪ್ಯತೆ ನೀತಿ,സ്വകാര്യതാ നയം
account.about_app,About QuickScanZ,QuickScanZ के बारे में,QuickScanZ గురించి,QuickScanZ பற்றி,QuickScanZ ಬಗ್ಗೆ,QuickScanZ നെക്കുറിച്ച്
account.signing_out,Signing out...,साइन आउट करते हुए...,సైన్ అవుట్ చేస్తున్న...,கையொப்பமிடுவது...,ಸೈನ್ ಔಟ್ ಆಗುತ್ತಿದೆ...,സൈൻ ഔട്ട് ചെയ്യുന്നു...
account.sign_out_btn,Sign out,साइन आउट करें,సైన్ అవుట్ చేయండి,உள்நுழையுங்கள்,ಸೈನ್ ಔಟ್ ಮಾಡಿ,സൈൻ ഔട്ട് ചെയ്യുക
account.danger_zone,Danger zone,खतरा क्षेत्र,ప్రమాద ప్రాంతం,ஆபத்து மண்டலம்,ಅಪಾಯ ವಲಯ,അപകട മേഖല
account.delete_account_btn,Request account deletion,खाता हटाने का अनुरोध करें,ఖాతాను తొలగించమని అభ్యర్థించండి,கணக்கு நீக்கக் கோருவது,ಖಾತೆಯನ್ನು ಅಳಿಸಲು ವಿನಂತಿಸಿ,അക്കൌണ്ട് ഇല്ലാതാക്കാൻ അഭ്യർത്ഥിക്കുക
dashboard.stats_sub_products,products,उत्पाद,ఉత్పత్తులు,தயாரிப்புகள்,ಉತ್ಪನ್ನಗಳು,ഉൽപ്പന്നങ്ങൾ
dashboard.stats_sub_warranties,warranties,वारंटी,వారంటీలు,உத்தரவாதங்கள்,ಖಾತರಿ ಕರಾರುಗಳು,വാറണ്ടികൾ
dashboard.stats_sub_within_30d,within 30d,30 डी के भीतर,30d లోపల,30d க்குள்,30ಡಿ ಒಳಗೆ,30 ഡി-യ്ക്കുള്ളിൽ
product.expires_on,Expires,समाप्त हो जाता है,గడువు ముగుస్తుంది,காலாவதியாகும்,ಅವಧಿ ಮುಗಿಯುತ್ತದೆ,കാലാവധി അവസാനിക്കുന്നു
product.purchased_at_val,Purchased at,पर खरीदा गया,వద్ద కొనుగోలు చేయబడింది,இல் வாங்கப்பட்டது,ನಲ್ಲಿ ಖರೀದಿಸಲಾಗಿದೆ,ൽ വാങ്ങി
product.est_value,Est. value,अनुमानित मूल्य,ఎస్ట్ విలువ,எஸ்ட் மதிப்பு,ಅಂದಾಜು ಮೌಲ್ಯ,എസ്. ടി. മൂല്യം
product.share_whatsapp_aria,Share warranty on WhatsApp,WhatsApp पर शेयर करें वारंटी,వాట్సాప్ లో షేర్ వారంటీ,வாட்ஸ்அப்பில் பகிர்வு உத்தரவாதம்,ವಾಟ್ಸಾಪ್ನಲ್ಲಿ ಶೇರ್ ವಾರಂಟಿ,വാട്ട്സ്ആപ്പിൽ ഷെയർ വാറന്റി
product.whatsapp_share_message,Hey! I just logged our *{name}* ({brand}) warranty on QuickScanZ — it expires on {expiry}. You can track it here: https://quickscanz.app,अरे! मैंने अभी-अभी QuickScanZ पर अपनी * {name} * ({brand}) वारंटी लॉग की है-यह {expiry} पर समाप्त हो जाती है। आप इसे यहाँ ट्रैक कर सकते हैंः https://quickscanz.app,హే! నేను క్విక్స్కాన్జెడ్లో మా * {పేరు} * ({బ్రాండ్}) వారంటీని లాగిన్ చేశాను-ఇది {గడువు ముగిసే సమయానికి ముగుస్తుంది. మీరు దీన్ని ఇక్కడ ట్రాక్ చేయవచ్చుః https://quickscanz.app,ஏய்! நான் இப்போதுதான் QuickScanZ இல் எங்கள் * {பெயர்} * ({பிராண்ட்}) உத்தரவாதத்தை பதிவு செய்தேன்-அது {காலாவதி} இல் காலாவதியாகும். நீங்கள் அதை இங்கே கண்காணிக்கலாம்ஃ https://quickscanz.app,ಹೇ! ನಾನು ಈಗಷ್ಟೇ ನಮ್ಮ * {name} * ({brand}) ಖಾತರಿಯನ್ನು QuickScanZ ನಲ್ಲಿ ಲಾಗ್ ಮಾಡಿದ್ದೇನೆ-ಅದು {expiry} ನಲ್ಲಿ ಮುಕ್ತಾಯಗೊಳ್ಳುತ್ತದೆ. ನೀವು ಅದನ್ನು ಇಲ್ಲಿ ಟ್ರ್ಯಾಕ್ ಮಾಡಬಹುದುಃ https://quickscanz.app,ഹേയ്! ഞാൻ QuickScanZ-ൽ ഞങ്ങളുടെ * {name} * ({brand}) വാറന്റി ലോഗിൻ ചെയ്തു-അത് {expiry}-ൽ അവസാനിക്കുന്നു. നിങ്ങൾക്ക് ഇത് ഇവിടെ ട്രാക്ക് ചെയ്യാംഃ https://quickscanz.app
category.electronics,Electronics,इलेक्ट्रॉनिक्स,ఎలక్ట్రానిక్స్,எலக்ட்ரானிக்ஸ்,ಎಲೆಕ್ಟ್ರಾನಿಕ್ಸ್,ഇലക്ട്രോണിക്സ്
category.appliance,Appliance,उपकरण,పరికరాలు,கருவிகள்,ಉಪಕರಣಗಳು,ഉപകരണങ്ങൾ
category.vehicle,Vehicle,वाहन,వాహనం,வாகனம்..............................................................................................................................................................................................................................................................,ವಾಹನ,വാഹനം
category.furniture,Furniture,फर्नीचर,ఫర్నిచర్,தளபாடங்கள்,ಪೀಠೋಪಕರಣಗಳು,ഫർണിച്ചറുകൾ
category.other,Other,अन्य,ఇతర,மற்றவை,ಇತರ,മറ്റുള്ളവ
